ISO-10303-21;
HEADER;
/* Generated by software containing ST-Developer
 * from STEP Tools, Inc. (www.steptools.com) 
 */
/* OPTION: using custom renumber hook */

FILE_DESCRIPTION(
/* description */ ('STEP AP242 Edition 2',
'CAx-IF Rec.Pracs.---Representation and Presentation of Product Manufa
cturing Information (PMI)---4.0---2014-10-13',
'CAx-IF Rec.Pracs.---3D Tessellated Geometry---0.4---2014-09-14','2;1',
'CAx-IF Rec.Pracs.---User Defined Attributes---1.5---2016-08-15'),
/* implementation_level */ '2;1');

FILE_NAME(
/* name */ 'Part Studio 1 - Case Top',
/* time_stamp */ '2026-09-06T00:12:40Z',
/* author */ (''),
/* organization */ (''),
/* preprocessor_version */ 'ST-DEVELOPER v20',
/* originating_system */ 'ONSHAPE BY PTC INC, 1.220',
/* authorisation */ '  ');

FILE_SCHEMA (('AP242_MANAGED_MODEL_BASED_3D_ENGINEERING_MIM_LF { 1 0 10303 442 3 1 4 }'));
ENDSEC;

DATA;
#10=SHAPE_REPRESENTATION_RELATIONSHIP('','',#1949,#11);
#11=ADVANCED_BREP_SHAPE_REPRESENTATION('',(#1947),#3157);
#12=B_SPLINE_SURFACE_WITH_KNOTS('',3,1,((#3060,#3061),(#3062,#3063),(#3064,
#3065),(#3066,#3067),(#3068,#3069),(#3070,#3071),(#3072,#3073),(#3074,#3075),
(#3076,#3077),(#3078,#3079),(#3080,#3081)),.SURF_OF_LINEAR_EXTRUSION.,.F.,
 .F.,.F.,(4,1,1,1,1,1,1,1,4),(2,2),(0.0581498090209507,0.702195523233915,
1.34624123744688,1.99028695165984,2.63433266587281,3.27837838008577,3.92242409429873,
4.5664698085117,5.21051552272466),(0.,1.),.UNSPECIFIED.);
#13=B_SPLINE_SURFACE_WITH_KNOTS('',3,1,((#3091,#3092),(#3093,#3094),(#3095,
#3096),(#3097,#3098),(#3099,#3100),(#3101,#3102),(#3103,#3104),(#3105,#3106),
(#3107,#3108),(#3109,#3110),(#3111,#3112)),.SURF_OF_LINEAR_EXTRUSION.,.F.,
 .F.,.F.,(4,1,1,1,1,1,1,1,4),(2,2),(1.07310264775527,1.73789166890308,2.4026806900509,
3.06746971119871,3.73225873234653,4.39704775349434,5.06183677464216,5.72662579578997,
6.39141481693779),(0.,1.),.UNSPECIFIED.);
#14=CYLINDRICAL_SURFACE('',#1961,0.000515063564786124);
#15=CYLINDRICAL_SURFACE('',#1996,0.00168994949366116);
#16=CYLINDRICAL_SURFACE('',#1997,0.00168994949366116);
#17=CYLINDRICAL_SURFACE('',#1998,0.00168994949366116);
#18=CYLINDRICAL_SURFACE('',#1999,0.00168994949366116);
#19=CYLINDRICAL_SURFACE('',#2005,0.0036715182120684);
#20=CYLINDRICAL_SURFACE('',#2063,0.00367151821206838);
#21=ELLIPSE('',#1954,0.00207890121452108,0.0013206188730007);
#22=ELLIPSE('',#1955,0.00195523745475446,0.0011469929999745);
#23=ELLIPSE('',#2058,0.00195523745475446,0.0011469929999745);
#24=ELLIPSE('',#2059,0.00195523745475446,0.0011469929999745);
#25=ELLIPSE('',#2060,0.00207890121452108,0.0013206188730007);
#26=ELLIPSE('',#2061,0.00207890121452108,0.0013206188730007);
#27=CIRCLE('',#1952,0.00367151821206838);
#28=CIRCLE('',#1953,0.00367151821206838);
#29=CIRCLE('',#1956,0.0036715182120684);
#30=CIRCLE('',#1957,0.00168994949366116);
#31=CIRCLE('',#1958,0.00168994949366116);
#32=CIRCLE('',#1959,0.00168994949366116);
#33=CIRCLE('',#1960,0.00168994949366116);
#34=CIRCLE('',#1962,0.000515063564786124);
#35=CIRCLE('',#1963,0.000515063564786124);
#36=CIRCLE('',#1966,0.00168994949366116);
#37=CIRCLE('',#1967,0.00168994949366116);
#38=CIRCLE('',#1968,0.00168994949366116);
#39=CIRCLE('',#1969,0.00168994949366116);
#40=CIRCLE('',#2006,0.0036715182120684);
#41=CIRCLE('',#2064,0.00367151821206838);
#42=CIRCLE('',#2065,0.00367151821206838);
#43=ORIENTED_EDGE('',*,*,#567,.F.);
#44=ORIENTED_EDGE('',*,*,#568,.F.);
#45=ORIENTED_EDGE('',*,*,#569,.T.);
#46=ORIENTED_EDGE('',*,*,#570,.T.);
#47=ORIENTED_EDGE('',*,*,#571,.T.);
#48=ORIENTED_EDGE('',*,*,#572,.F.);
#49=ORIENTED_EDGE('',*,*,#573,.F.);
#50=ORIENTED_EDGE('',*,*,#574,.F.);
#51=ORIENTED_EDGE('',*,*,#575,.F.);
#52=ORIENTED_EDGE('',*,*,#576,.F.);
#53=ORIENTED_EDGE('',*,*,#577,.F.);
#54=ORIENTED_EDGE('',*,*,#578,.F.);
#55=ORIENTED_EDGE('',*,*,#579,.F.);
#56=ORIENTED_EDGE('',*,*,#580,.F.);
#57=ORIENTED_EDGE('',*,*,#581,.F.);
#58=ORIENTED_EDGE('',*,*,#582,.F.);
#59=ORIENTED_EDGE('',*,*,#583,.F.);
#60=ORIENTED_EDGE('',*,*,#584,.F.);
#61=ORIENTED_EDGE('',*,*,#585,.F.);
#62=ORIENTED_EDGE('',*,*,#586,.F.);
#63=ORIENTED_EDGE('',*,*,#587,.F.);
#64=ORIENTED_EDGE('',*,*,#588,.F.);
#65=ORIENTED_EDGE('',*,*,#589,.F.);
#66=ORIENTED_EDGE('',*,*,#590,.F.);
#67=ORIENTED_EDGE('',*,*,#591,.F.);
#68=ORIENTED_EDGE('',*,*,#592,.F.);
#69=ORIENTED_EDGE('',*,*,#593,.F.);
#70=ORIENTED_EDGE('',*,*,#594,.F.);
#71=ORIENTED_EDGE('',*,*,#595,.T.);
#72=ORIENTED_EDGE('',*,*,#596,.F.);
#73=ORIENTED_EDGE('',*,*,#597,.T.);
#74=ORIENTED_EDGE('',*,*,#598,.T.);
#75=ORIENTED_EDGE('',*,*,#599,.T.);
#76=ORIENTED_EDGE('',*,*,#600,.T.);
#77=ORIENTED_EDGE('',*,*,#601,.T.);
#78=ORIENTED_EDGE('',*,*,#602,.T.);
#79=ORIENTED_EDGE('',*,*,#603,.T.);
#80=ORIENTED_EDGE('',*,*,#604,.F.);
#81=ORIENTED_EDGE('',*,*,#605,.F.);
#82=ORIENTED_EDGE('',*,*,#606,.T.);
#83=ORIENTED_EDGE('',*,*,#607,.T.);
#84=ORIENTED_EDGE('',*,*,#608,.F.);
#85=ORIENTED_EDGE('',*,*,#609,.T.);
#86=ORIENTED_EDGE('',*,*,#610,.T.);
#87=ORIENTED_EDGE('',*,*,#611,.T.);
#88=ORIENTED_EDGE('',*,*,#612,.F.);
#89=ORIENTED_EDGE('',*,*,#613,.F.);
#90=ORIENTED_EDGE('',*,*,#614,.T.);
#91=ORIENTED_EDGE('',*,*,#615,.T.);
#92=ORIENTED_EDGE('',*,*,#616,.T.);
#93=ORIENTED_EDGE('',*,*,#617,.T.);
#94=ORIENTED_EDGE('',*,*,#618,.T.);
#95=ORIENTED_EDGE('',*,*,#619,.T.);
#96=ORIENTED_EDGE('',*,*,#620,.T.);
#97=ORIENTED_EDGE('',*,*,#621,.T.);
#98=ORIENTED_EDGE('',*,*,#622,.T.);
#99=ORIENTED_EDGE('',*,*,#623,.T.);
#100=ORIENTED_EDGE('',*,*,#624,.T.);
#101=ORIENTED_EDGE('',*,*,#625,.T.);
#102=ORIENTED_EDGE('',*,*,#626,.T.);
#103=ORIENTED_EDGE('',*,*,#627,.T.);
#104=ORIENTED_EDGE('',*,*,#628,.T.);
#105=ORIENTED_EDGE('',*,*,#629,.T.);
#106=ORIENTED_EDGE('',*,*,#630,.T.);
#107=ORIENTED_EDGE('',*,*,#631,.T.);
#108=ORIENTED_EDGE('',*,*,#632,.T.);
#109=ORIENTED_EDGE('',*,*,#633,.T.);
#110=ORIENTED_EDGE('',*,*,#634,.T.);
#111=ORIENTED_EDGE('',*,*,#635,.T.);
#112=ORIENTED_EDGE('',*,*,#636,.T.);
#113=ORIENTED_EDGE('',*,*,#637,.T.);
#114=ORIENTED_EDGE('',*,*,#638,.T.);
#115=ORIENTED_EDGE('',*,*,#639,.T.);
#116=ORIENTED_EDGE('',*,*,#640,.F.);
#117=ORIENTED_EDGE('',*,*,#641,.F.);
#118=ORIENTED_EDGE('',*,*,#642,.F.);
#119=ORIENTED_EDGE('',*,*,#643,.T.);
#120=ORIENTED_EDGE('',*,*,#644,.T.);
#121=ORIENTED_EDGE('',*,*,#645,.T.);
#122=ORIENTED_EDGE('',*,*,#646,.T.);
#123=ORIENTED_EDGE('',*,*,#647,.T.);
#124=ORIENTED_EDGE('',*,*,#648,.F.);
#125=ORIENTED_EDGE('',*,*,#649,.T.);
#126=ORIENTED_EDGE('',*,*,#650,.F.);
#127=ORIENTED_EDGE('',*,*,#651,.T.);
#128=ORIENTED_EDGE('',*,*,#652,.T.);
#129=ORIENTED_EDGE('',*,*,#653,.T.);
#130=ORIENTED_EDGE('',*,*,#654,.F.);
#131=ORIENTED_EDGE('',*,*,#655,.F.);
#132=ORIENTED_EDGE('',*,*,#656,.T.);
#133=ORIENTED_EDGE('',*,*,#657,.F.);
#134=ORIENTED_EDGE('',*,*,#658,.F.);
#135=ORIENTED_EDGE('',*,*,#659,.T.);
#136=ORIENTED_EDGE('',*,*,#660,.T.);
#137=ORIENTED_EDGE('',*,*,#661,.F.);
#138=ORIENTED_EDGE('',*,*,#662,.F.);
#139=ORIENTED_EDGE('',*,*,#658,.T.);
#140=ORIENTED_EDGE('',*,*,#663,.T.);
#141=ORIENTED_EDGE('',*,*,#664,.F.);
#142=ORIENTED_EDGE('',*,*,#665,.F.);
#143=ORIENTED_EDGE('',*,*,#661,.T.);
#144=ORIENTED_EDGE('',*,*,#664,.T.);
#145=ORIENTED_EDGE('',*,*,#666,.F.);
#146=ORIENTED_EDGE('',*,*,#656,.F.);
#147=ORIENTED_EDGE('',*,*,#667,.T.);
#148=ORIENTED_EDGE('',*,*,#668,.T.);
#149=ORIENTED_EDGE('',*,*,#669,.F.);
#150=ORIENTED_EDGE('',*,*,#670,.F.);
#151=ORIENTED_EDGE('',*,*,#603,.F.);
#152=ORIENTED_EDGE('',*,*,#670,.T.);
#153=ORIENTED_EDGE('',*,*,#671,.T.);
#154=ORIENTED_EDGE('',*,*,#672,.F.);
#155=ORIENTED_EDGE('',*,*,#604,.T.);
#156=ORIENTED_EDGE('',*,*,#672,.T.);
#157=ORIENTED_EDGE('',*,*,#673,.T.);
#158=ORIENTED_EDGE('',*,*,#674,.F.);
#159=ORIENTED_EDGE('',*,*,#605,.T.);
#160=ORIENTED_EDGE('',*,*,#674,.T.);
#161=ORIENTED_EDGE('',*,*,#675,.F.);
#162=ORIENTED_EDGE('',*,*,#668,.F.);
#163=ORIENTED_EDGE('',*,*,#602,.F.);
#164=ORIENTED_EDGE('',*,*,#676,.T.);
#165=ORIENTED_EDGE('',*,*,#677,.F.);
#166=ORIENTED_EDGE('',*,*,#678,.F.);
#167=ORIENTED_EDGE('',*,*,#607,.F.);
#168=ORIENTED_EDGE('',*,*,#679,.T.);
#169=ORIENTED_EDGE('',*,*,#680,.F.);
#170=ORIENTED_EDGE('',*,*,#608,.T.);
#171=ORIENTED_EDGE('',*,*,#678,.T.);
#172=ORIENTED_EDGE('',*,*,#681,.T.);
#173=ORIENTED_EDGE('',*,*,#682,.F.);
#174=ORIENTED_EDGE('',*,*,#683,.F.);
#175=ORIENTED_EDGE('',*,*,#610,.F.);
#176=ORIENTED_EDGE('',*,*,#683,.T.);
#177=ORIENTED_EDGE('',*,*,#684,.F.);
#178=ORIENTED_EDGE('',*,*,#685,.F.);
#179=ORIENTED_EDGE('',*,*,#611,.F.);
#180=ORIENTED_EDGE('',*,*,#686,.T.);
#181=ORIENTED_EDGE('',*,*,#687,.F.);
#182=ORIENTED_EDGE('',*,*,#612,.T.);
#183=ORIENTED_EDGE('',*,*,#685,.T.);
#184=ORIENTED_EDGE('',*,*,#688,.T.);
#185=ORIENTED_EDGE('',*,*,#689,.F.);
#186=ORIENTED_EDGE('',*,*,#613,.T.);
#187=ORIENTED_EDGE('',*,*,#687,.T.);
#188=ORIENTED_EDGE('',*,*,#689,.T.);
#189=ORIENTED_EDGE('',*,*,#690,.F.);
#190=ORIENTED_EDGE('',*,*,#676,.F.);
#191=ORIENTED_EDGE('',*,*,#606,.F.);
#192=ORIENTED_EDGE('',*,*,#596,.T.);
#193=ORIENTED_EDGE('',*,*,#691,.T.);
#194=ORIENTED_EDGE('',*,*,#644,.F.);
#195=ORIENTED_EDGE('',*,*,#692,.T.);
#196=ORIENTED_EDGE('',*,*,#650,.T.);
#197=ORIENTED_EDGE('',*,*,#693,.T.);
#198=ORIENTED_EDGE('',*,*,#598,.F.);
#199=ORIENTED_EDGE('',*,*,#694,.T.);
#200=ORIENTED_EDGE('',*,*,#648,.T.);
#201=ORIENTED_EDGE('',*,*,#695,.T.);
#202=ORIENTED_EDGE('',*,*,#600,.F.);
#203=ORIENTED_EDGE('',*,*,#696,.T.);
#204=ORIENTED_EDGE('',*,*,#646,.F.);
#205=ORIENTED_EDGE('',*,*,#697,.T.);
#206=ORIENTED_EDGE('',*,*,#594,.T.);
#207=ORIENTED_EDGE('',*,*,#698,.T.);
#208=ORIENTED_EDGE('',*,*,#699,.F.);
#209=ORIENTED_EDGE('',*,*,#681,.F.);
#210=ORIENTED_EDGE('',*,*,#609,.F.);
#211=ORIENTED_EDGE('',*,*,#680,.T.);
#212=ORIENTED_EDGE('',*,*,#700,.T.);
#213=ORIENTED_EDGE('',*,*,#701,.T.);
#214=ORIENTED_EDGE('',*,*,#702,.F.);
#215=ORIENTED_EDGE('',*,*,#703,.F.);
#216=ORIENTED_EDGE('',*,*,#679,.F.);
#217=ORIENTED_EDGE('',*,*,#677,.T.);
#218=ORIENTED_EDGE('',*,*,#690,.T.);
#219=ORIENTED_EDGE('',*,*,#688,.F.);
#220=ORIENTED_EDGE('',*,*,#686,.F.);
#221=ORIENTED_EDGE('',*,*,#684,.T.);
#222=ORIENTED_EDGE('',*,*,#682,.T.);
#223=ORIENTED_EDGE('',*,*,#699,.T.);
#224=ORIENTED_EDGE('',*,*,#659,.F.);
#225=ORIENTED_EDGE('',*,*,#662,.T.);
#226=ORIENTED_EDGE('',*,*,#665,.T.);
#227=ORIENTED_EDGE('',*,*,#667,.F.);
#228=ORIENTED_EDGE('',*,*,#652,.F.);
#229=ORIENTED_EDGE('',*,*,#704,.F.);
#230=ORIENTED_EDGE('',*,*,#705,.T.);
#231=ORIENTED_EDGE('',*,*,#706,.T.);
#232=ORIENTED_EDGE('',*,*,#655,.T.);
#233=ORIENTED_EDGE('',*,*,#707,.F.);
#234=ORIENTED_EDGE('',*,*,#708,.F.);
#235=ORIENTED_EDGE('',*,*,#704,.T.);
#236=ORIENTED_EDGE('',*,*,#654,.T.);
#237=ORIENTED_EDGE('',*,*,#709,.F.);
#238=ORIENTED_EDGE('',*,*,#710,.F.);
#239=ORIENTED_EDGE('',*,*,#707,.T.);
#240=ORIENTED_EDGE('',*,*,#653,.F.);
#241=ORIENTED_EDGE('',*,*,#706,.F.);
#242=ORIENTED_EDGE('',*,*,#711,.T.);
#243=ORIENTED_EDGE('',*,*,#709,.T.);
#244=ORIENTED_EDGE('',*,*,#660,.F.);
#245=ORIENTED_EDGE('',*,*,#657,.T.);
#246=ORIENTED_EDGE('',*,*,#666,.T.);
#247=ORIENTED_EDGE('',*,*,#663,.F.);
#248=ORIENTED_EDGE('',*,*,#705,.F.);
#249=ORIENTED_EDGE('',*,*,#708,.T.);
#250=ORIENTED_EDGE('',*,*,#710,.T.);
#251=ORIENTED_EDGE('',*,*,#711,.F.);
#252=ORIENTED_EDGE('',*,*,#595,.F.);
#253=ORIENTED_EDGE('',*,*,#697,.F.);
#254=ORIENTED_EDGE('',*,*,#645,.F.);
#255=ORIENTED_EDGE('',*,*,#691,.F.);
#256=ORIENTED_EDGE('',*,*,#601,.F.);
#257=ORIENTED_EDGE('',*,*,#695,.F.);
#258=ORIENTED_EDGE('',*,*,#647,.F.);
#259=ORIENTED_EDGE('',*,*,#698,.F.);
#260=ORIENTED_EDGE('',*,*,#599,.F.);
#261=ORIENTED_EDGE('',*,*,#693,.F.);
#262=ORIENTED_EDGE('',*,*,#649,.F.);
#263=ORIENTED_EDGE('',*,*,#696,.F.);
#264=ORIENTED_EDGE('',*,*,#597,.F.);
#265=ORIENTED_EDGE('',*,*,#692,.F.);
#266=ORIENTED_EDGE('',*,*,#651,.F.);
#267=ORIENTED_EDGE('',*,*,#694,.F.);
#268=ORIENTED_EDGE('',*,*,#700,.F.);
#269=ORIENTED_EDGE('',*,*,#712,.F.);
#270=ORIENTED_EDGE('',*,*,#713,.T.);
#271=ORIENTED_EDGE('',*,*,#714,.T.);
#272=ORIENTED_EDGE('',*,*,#703,.T.);
#273=ORIENTED_EDGE('',*,*,#715,.F.);
#274=ORIENTED_EDGE('',*,*,#716,.F.);
#275=ORIENTED_EDGE('',*,*,#712,.T.);
#276=ORIENTED_EDGE('',*,*,#702,.T.);
#277=ORIENTED_EDGE('',*,*,#717,.F.);
#278=ORIENTED_EDGE('',*,*,#718,.F.);
#279=ORIENTED_EDGE('',*,*,#715,.T.);
#280=ORIENTED_EDGE('',*,*,#701,.F.);
#281=ORIENTED_EDGE('',*,*,#714,.F.);
#282=ORIENTED_EDGE('',*,*,#719,.T.);
#283=ORIENTED_EDGE('',*,*,#717,.T.);
#284=ORIENTED_EDGE('',*,*,#671,.F.);
#285=ORIENTED_EDGE('',*,*,#669,.T.);
#286=ORIENTED_EDGE('',*,*,#675,.T.);
#287=ORIENTED_EDGE('',*,*,#673,.F.);
#288=ORIENTED_EDGE('',*,*,#713,.F.);
#289=ORIENTED_EDGE('',*,*,#716,.T.);
#290=ORIENTED_EDGE('',*,*,#718,.T.);
#291=ORIENTED_EDGE('',*,*,#719,.F.);
#292=ORIENTED_EDGE('',*,*,#641,.T.);
#293=ORIENTED_EDGE('',*,*,#720,.T.);
#294=ORIENTED_EDGE('',*,*,#577,.T.);
#295=ORIENTED_EDGE('',*,*,#721,.F.);
#296=ORIENTED_EDGE('',*,*,#643,.F.);
#297=ORIENTED_EDGE('',*,*,#722,.F.);
#298=ORIENTED_EDGE('',*,*,#638,.F.);
#299=ORIENTED_EDGE('',*,*,#722,.T.);
#300=ORIENTED_EDGE('',*,*,#642,.T.);
#301=ORIENTED_EDGE('',*,*,#590,.T.);
#302=ORIENTED_EDGE('',*,*,#723,.F.);
#303=ORIENTED_EDGE('',*,*,#724,.F.);
#304=ORIENTED_EDGE('',*,*,#725,.T.);
#305=ORIENTED_EDGE('',*,*,#593,.T.);
#306=ORIENTED_EDGE('',*,*,#726,.F.);
#307=ORIENTED_EDGE('',*,*,#727,.F.);
#308=ORIENTED_EDGE('',*,*,#723,.T.);
#309=ORIENTED_EDGE('',*,*,#592,.T.);
#310=ORIENTED_EDGE('',*,*,#728,.F.);
#311=ORIENTED_EDGE('',*,*,#729,.F.);
#312=ORIENTED_EDGE('',*,*,#726,.T.);
#313=ORIENTED_EDGE('',*,*,#591,.T.);
#314=ORIENTED_EDGE('',*,*,#725,.F.);
#315=ORIENTED_EDGE('',*,*,#730,.F.);
#316=ORIENTED_EDGE('',*,*,#728,.T.);
#317=ORIENTED_EDGE('',*,*,#724,.T.);
#318=ORIENTED_EDGE('',*,*,#727,.T.);
#319=ORIENTED_EDGE('',*,*,#729,.T.);
#320=ORIENTED_EDGE('',*,*,#730,.T.);
#321=ORIENTED_EDGE('',*,*,#615,.F.);
#322=ORIENTED_EDGE('',*,*,#731,.F.);
#323=ORIENTED_EDGE('',*,*,#732,.T.);
#324=ORIENTED_EDGE('',*,*,#733,.T.);
#325=ORIENTED_EDGE('',*,*,#614,.F.);
#326=ORIENTED_EDGE('',*,*,#734,.F.);
#327=ORIENTED_EDGE('',*,*,#735,.T.);
#328=ORIENTED_EDGE('',*,*,#731,.T.);
#329=ORIENTED_EDGE('',*,*,#617,.F.);
#330=ORIENTED_EDGE('',*,*,#736,.F.);
#331=ORIENTED_EDGE('',*,*,#737,.T.);
#332=ORIENTED_EDGE('',*,*,#734,.T.);
#333=ORIENTED_EDGE('',*,*,#616,.F.);
#334=ORIENTED_EDGE('',*,*,#733,.F.);
#335=ORIENTED_EDGE('',*,*,#738,.T.);
#336=ORIENTED_EDGE('',*,*,#736,.T.);
#337=ORIENTED_EDGE('',*,*,#732,.F.);
#338=ORIENTED_EDGE('',*,*,#735,.F.);
#339=ORIENTED_EDGE('',*,*,#737,.F.);
#340=ORIENTED_EDGE('',*,*,#738,.F.);
#341=ORIENTED_EDGE('',*,*,#619,.F.);
#342=ORIENTED_EDGE('',*,*,#739,.F.);
#343=ORIENTED_EDGE('',*,*,#740,.T.);
#344=ORIENTED_EDGE('',*,*,#741,.T.);
#345=ORIENTED_EDGE('',*,*,#618,.F.);
#346=ORIENTED_EDGE('',*,*,#742,.F.);
#347=ORIENTED_EDGE('',*,*,#743,.T.);
#348=ORIENTED_EDGE('',*,*,#739,.T.);
#349=ORIENTED_EDGE('',*,*,#621,.F.);
#350=ORIENTED_EDGE('',*,*,#744,.F.);
#351=ORIENTED_EDGE('',*,*,#745,.T.);
#352=ORIENTED_EDGE('',*,*,#742,.T.);
#353=ORIENTED_EDGE('',*,*,#620,.F.);
#354=ORIENTED_EDGE('',*,*,#741,.F.);
#355=ORIENTED_EDGE('',*,*,#746,.T.);
#356=ORIENTED_EDGE('',*,*,#744,.T.);
#357=ORIENTED_EDGE('',*,*,#740,.F.);
#358=ORIENTED_EDGE('',*,*,#743,.F.);
#359=ORIENTED_EDGE('',*,*,#745,.F.);
#360=ORIENTED_EDGE('',*,*,#746,.F.);
#361=ORIENTED_EDGE('',*,*,#586,.T.);
#362=ORIENTED_EDGE('',*,*,#747,.F.);
#363=ORIENTED_EDGE('',*,*,#748,.F.);
#364=ORIENTED_EDGE('',*,*,#749,.T.);
#365=ORIENTED_EDGE('',*,*,#589,.T.);
#366=ORIENTED_EDGE('',*,*,#750,.F.);
#367=ORIENTED_EDGE('',*,*,#751,.F.);
#368=ORIENTED_EDGE('',*,*,#747,.T.);
#369=ORIENTED_EDGE('',*,*,#588,.T.);
#370=ORIENTED_EDGE('',*,*,#752,.F.);
#371=ORIENTED_EDGE('',*,*,#753,.F.);
#372=ORIENTED_EDGE('',*,*,#750,.T.);
#373=ORIENTED_EDGE('',*,*,#587,.T.);
#374=ORIENTED_EDGE('',*,*,#749,.F.);
#375=ORIENTED_EDGE('',*,*,#754,.F.);
#376=ORIENTED_EDGE('',*,*,#752,.T.);
#377=ORIENTED_EDGE('',*,*,#748,.T.);
#378=ORIENTED_EDGE('',*,*,#751,.T.);
#379=ORIENTED_EDGE('',*,*,#753,.T.);
#380=ORIENTED_EDGE('',*,*,#754,.T.);
#381=ORIENTED_EDGE('',*,*,#623,.F.);
#382=ORIENTED_EDGE('',*,*,#755,.F.);
#383=ORIENTED_EDGE('',*,*,#756,.T.);
#384=ORIENTED_EDGE('',*,*,#757,.T.);
#385=ORIENTED_EDGE('',*,*,#622,.F.);
#386=ORIENTED_EDGE('',*,*,#758,.F.);
#387=ORIENTED_EDGE('',*,*,#759,.T.);
#388=ORIENTED_EDGE('',*,*,#755,.T.);
#389=ORIENTED_EDGE('',*,*,#625,.F.);
#390=ORIENTED_EDGE('',*,*,#760,.F.);
#391=ORIENTED_EDGE('',*,*,#761,.T.);
#392=ORIENTED_EDGE('',*,*,#758,.T.);
#393=ORIENTED_EDGE('',*,*,#624,.F.);
#394=ORIENTED_EDGE('',*,*,#757,.F.);
#395=ORIENTED_EDGE('',*,*,#762,.T.);
#396=ORIENTED_EDGE('',*,*,#760,.T.);
#397=ORIENTED_EDGE('',*,*,#756,.F.);
#398=ORIENTED_EDGE('',*,*,#759,.F.);
#399=ORIENTED_EDGE('',*,*,#761,.F.);
#400=ORIENTED_EDGE('',*,*,#762,.F.);
#401=ORIENTED_EDGE('',*,*,#627,.F.);
#402=ORIENTED_EDGE('',*,*,#763,.F.);
#403=ORIENTED_EDGE('',*,*,#764,.T.);
#404=ORIENTED_EDGE('',*,*,#765,.T.);
#405=ORIENTED_EDGE('',*,*,#626,.F.);
#406=ORIENTED_EDGE('',*,*,#766,.F.);
#407=ORIENTED_EDGE('',*,*,#767,.T.);
#408=ORIENTED_EDGE('',*,*,#763,.T.);
#409=ORIENTED_EDGE('',*,*,#629,.F.);
#410=ORIENTED_EDGE('',*,*,#768,.F.);
#411=ORIENTED_EDGE('',*,*,#769,.T.);
#412=ORIENTED_EDGE('',*,*,#766,.T.);
#413=ORIENTED_EDGE('',*,*,#628,.F.);
#414=ORIENTED_EDGE('',*,*,#765,.F.);
#415=ORIENTED_EDGE('',*,*,#770,.T.);
#416=ORIENTED_EDGE('',*,*,#768,.T.);
#417=ORIENTED_EDGE('',*,*,#764,.F.);
#418=ORIENTED_EDGE('',*,*,#767,.F.);
#419=ORIENTED_EDGE('',*,*,#769,.F.);
#420=ORIENTED_EDGE('',*,*,#770,.F.);
#421=ORIENTED_EDGE('',*,*,#631,.F.);
#422=ORIENTED_EDGE('',*,*,#771,.F.);
#423=ORIENTED_EDGE('',*,*,#772,.T.);
#424=ORIENTED_EDGE('',*,*,#773,.T.);
#425=ORIENTED_EDGE('',*,*,#630,.F.);
#426=ORIENTED_EDGE('',*,*,#774,.F.);
#427=ORIENTED_EDGE('',*,*,#775,.T.);
#428=ORIENTED_EDGE('',*,*,#771,.T.);
#429=ORIENTED_EDGE('',*,*,#633,.F.);
#430=ORIENTED_EDGE('',*,*,#776,.F.);
#431=ORIENTED_EDGE('',*,*,#777,.T.);
#432=ORIENTED_EDGE('',*,*,#774,.T.);
#433=ORIENTED_EDGE('',*,*,#632,.F.);
#434=ORIENTED_EDGE('',*,*,#773,.F.);
#435=ORIENTED_EDGE('',*,*,#778,.T.);
#436=ORIENTED_EDGE('',*,*,#776,.T.);
#437=ORIENTED_EDGE('',*,*,#772,.F.);
#438=ORIENTED_EDGE('',*,*,#775,.F.);
#439=ORIENTED_EDGE('',*,*,#777,.F.);
#440=ORIENTED_EDGE('',*,*,#778,.F.);
#441=ORIENTED_EDGE('',*,*,#635,.F.);
#442=ORIENTED_EDGE('',*,*,#779,.F.);
#443=ORIENTED_EDGE('',*,*,#780,.T.);
#444=ORIENTED_EDGE('',*,*,#781,.T.);
#445=ORIENTED_EDGE('',*,*,#634,.F.);
#446=ORIENTED_EDGE('',*,*,#782,.F.);
#447=ORIENTED_EDGE('',*,*,#783,.T.);
#448=ORIENTED_EDGE('',*,*,#779,.T.);
#449=ORIENTED_EDGE('',*,*,#637,.F.);
#450=ORIENTED_EDGE('',*,*,#784,.F.);
#451=ORIENTED_EDGE('',*,*,#785,.T.);
#452=ORIENTED_EDGE('',*,*,#782,.T.);
#453=ORIENTED_EDGE('',*,*,#636,.F.);
#454=ORIENTED_EDGE('',*,*,#781,.F.);
#455=ORIENTED_EDGE('',*,*,#786,.T.);
#456=ORIENTED_EDGE('',*,*,#784,.T.);
#457=ORIENTED_EDGE('',*,*,#780,.F.);
#458=ORIENTED_EDGE('',*,*,#783,.F.);
#459=ORIENTED_EDGE('',*,*,#785,.F.);
#460=ORIENTED_EDGE('',*,*,#786,.F.);
#461=ORIENTED_EDGE('',*,*,#582,.T.);
#462=ORIENTED_EDGE('',*,*,#787,.F.);
#463=ORIENTED_EDGE('',*,*,#788,.F.);
#464=ORIENTED_EDGE('',*,*,#789,.T.);
#465=ORIENTED_EDGE('',*,*,#585,.T.);
#466=ORIENTED_EDGE('',*,*,#790,.F.);
#467=ORIENTED_EDGE('',*,*,#791,.F.);
#468=ORIENTED_EDGE('',*,*,#787,.T.);
#469=ORIENTED_EDGE('',*,*,#584,.T.);
#470=ORIENTED_EDGE('',*,*,#792,.F.);
#471=ORIENTED_EDGE('',*,*,#793,.F.);
#472=ORIENTED_EDGE('',*,*,#790,.T.);
#473=ORIENTED_EDGE('',*,*,#583,.T.);
#474=ORIENTED_EDGE('',*,*,#789,.F.);
#475=ORIENTED_EDGE('',*,*,#794,.F.);
#476=ORIENTED_EDGE('',*,*,#792,.T.);
#477=ORIENTED_EDGE('',*,*,#788,.T.);
#478=ORIENTED_EDGE('',*,*,#791,.T.);
#479=ORIENTED_EDGE('',*,*,#793,.T.);
#480=ORIENTED_EDGE('',*,*,#794,.T.);
#481=ORIENTED_EDGE('',*,*,#578,.T.);
#482=ORIENTED_EDGE('',*,*,#795,.F.);
#483=ORIENTED_EDGE('',*,*,#796,.F.);
#484=ORIENTED_EDGE('',*,*,#797,.T.);
#485=ORIENTED_EDGE('',*,*,#581,.T.);
#486=ORIENTED_EDGE('',*,*,#798,.F.);
#487=ORIENTED_EDGE('',*,*,#799,.F.);
#488=ORIENTED_EDGE('',*,*,#795,.T.);
#489=ORIENTED_EDGE('',*,*,#580,.T.);
#490=ORIENTED_EDGE('',*,*,#800,.F.);
#491=ORIENTED_EDGE('',*,*,#801,.F.);
#492=ORIENTED_EDGE('',*,*,#798,.T.);
#493=ORIENTED_EDGE('',*,*,#579,.T.);
#494=ORIENTED_EDGE('',*,*,#797,.F.);
#495=ORIENTED_EDGE('',*,*,#802,.F.);
#496=ORIENTED_EDGE('',*,*,#800,.T.);
#497=ORIENTED_EDGE('',*,*,#796,.T.);
#498=ORIENTED_EDGE('',*,*,#799,.T.);
#499=ORIENTED_EDGE('',*,*,#801,.T.);
#500=ORIENTED_EDGE('',*,*,#802,.T.);
#501=ORIENTED_EDGE('',*,*,#803,.T.);
#502=ORIENTED_EDGE('',*,*,#804,.T.);
#503=ORIENTED_EDGE('',*,*,#575,.T.);
#504=ORIENTED_EDGE('',*,*,#805,.F.);
#505=ORIENTED_EDGE('',*,*,#806,.F.);
#506=ORIENTED_EDGE('',*,*,#807,.T.);
#507=ORIENTED_EDGE('',*,*,#808,.F.);
#508=ORIENTED_EDGE('',*,*,#809,.T.);
#509=ORIENTED_EDGE('',*,*,#807,.F.);
#510=ORIENTED_EDGE('',*,*,#810,.F.);
#511=ORIENTED_EDGE('',*,*,#805,.T.);
#512=ORIENTED_EDGE('',*,*,#574,.T.);
#513=ORIENTED_EDGE('',*,*,#806,.T.);
#514=ORIENTED_EDGE('',*,*,#810,.T.);
#515=ORIENTED_EDGE('',*,*,#811,.T.);
#516=ORIENTED_EDGE('',*,*,#812,.T.);
#517=ORIENTED_EDGE('',*,*,#568,.T.);
#518=ORIENTED_EDGE('',*,*,#813,.F.);
#519=ORIENTED_EDGE('',*,*,#814,.F.);
#520=ORIENTED_EDGE('',*,*,#815,.F.);
#521=ORIENTED_EDGE('',*,*,#816,.T.);
#522=ORIENTED_EDGE('',*,*,#817,.T.);
#523=ORIENTED_EDGE('',*,*,#572,.T.);
#524=ORIENTED_EDGE('',*,*,#818,.F.);
#525=ORIENTED_EDGE('',*,*,#814,.T.);
#526=ORIENTED_EDGE('',*,*,#819,.T.);
#527=ORIENTED_EDGE('',*,*,#816,.F.);
#528=ORIENTED_EDGE('',*,*,#820,.F.);
#529=ORIENTED_EDGE('',*,*,#815,.T.);
#530=ORIENTED_EDGE('',*,*,#820,.T.);
#531=ORIENTED_EDGE('',*,*,#569,.F.);
#532=ORIENTED_EDGE('',*,*,#812,.F.);
#533=ORIENTED_EDGE('',*,*,#821,.T.);
#534=ORIENTED_EDGE('',*,*,#822,.T.);
#535=ORIENTED_EDGE('',*,*,#571,.F.);
#536=ORIENTED_EDGE('',*,*,#823,.F.);
#537=ORIENTED_EDGE('',*,*,#824,.T.);
#538=ORIENTED_EDGE('',*,*,#818,.T.);
#539=ORIENTED_EDGE('',*,*,#570,.F.);
#540=ORIENTED_EDGE('',*,*,#822,.F.);
#541=ORIENTED_EDGE('',*,*,#825,.T.);
#542=ORIENTED_EDGE('',*,*,#823,.T.);
#543=ORIENTED_EDGE('',*,*,#821,.F.);
#544=ORIENTED_EDGE('',*,*,#811,.F.);
#545=ORIENTED_EDGE('',*,*,#824,.F.);
#546=ORIENTED_EDGE('',*,*,#825,.F.);
#547=ORIENTED_EDGE('',*,*,#640,.T.);
#548=ORIENTED_EDGE('',*,*,#826,.T.);
#549=ORIENTED_EDGE('',*,*,#803,.F.);
#550=ORIENTED_EDGE('',*,*,#809,.F.);
#551=ORIENTED_EDGE('',*,*,#827,.T.);
#552=ORIENTED_EDGE('',*,*,#819,.F.);
#553=ORIENTED_EDGE('',*,*,#828,.T.);
#554=ORIENTED_EDGE('',*,*,#573,.T.);
#555=ORIENTED_EDGE('',*,*,#817,.F.);
#556=ORIENTED_EDGE('',*,*,#827,.F.);
#557=ORIENTED_EDGE('',*,*,#808,.T.);
#558=ORIENTED_EDGE('',*,*,#576,.T.);
#559=ORIENTED_EDGE('',*,*,#804,.F.);
#560=ORIENTED_EDGE('',*,*,#826,.F.);
#561=ORIENTED_EDGE('',*,*,#721,.T.);
#562=ORIENTED_EDGE('',*,*,#567,.T.);
#563=ORIENTED_EDGE('',*,*,#720,.F.);
#564=ORIENTED_EDGE('',*,*,#828,.F.);
#565=ORIENTED_EDGE('',*,*,#813,.T.);
#566=ORIENTED_EDGE('',*,*,#639,.F.);
#567=EDGE_CURVE('',#829,#830,#1003,.T.);
#568=EDGE_CURVE('',#831,#829,#27,.T.);
#569=EDGE_CURVE('',#831,#832,#1004,.T.);
#570=EDGE_CURVE('',#832,#833,#1005,.T.);
#571=EDGE_CURVE('',#833,#834,#1006,.T.);
#572=EDGE_CURVE('',#835,#834,#28,.T.);
#573=EDGE_CURVE('',#836,#835,#1007,.T.);
#574=EDGE_CURVE('',#837,#836,#21,.T.);
#575=EDGE_CURVE('',#838,#837,#22,.T.);
#576=EDGE_CURVE('',#839,#838,#1008,.T.);
#577=EDGE_CURVE('',#830,#839,#29,.T.);
#578=EDGE_CURVE('',#840,#841,#1009,.T.);
#579=EDGE_CURVE('',#842,#840,#1010,.T.);
#580=EDGE_CURVE('',#843,#842,#1011,.T.);
#581=EDGE_CURVE('',#841,#843,#1012,.T.);
#582=EDGE_CURVE('',#844,#845,#1013,.T.);
#583=EDGE_CURVE('',#846,#844,#1014,.T.);
#584=EDGE_CURVE('',#847,#846,#1015,.T.);
#585=EDGE_CURVE('',#845,#847,#1016,.T.);
#586=EDGE_CURVE('',#848,#849,#1017,.T.);
#587=EDGE_CURVE('',#850,#848,#1018,.T.);
#588=EDGE_CURVE('',#851,#850,#1019,.T.);
#589=EDGE_CURVE('',#849,#851,#1020,.T.);
#590=EDGE_CURVE('',#852,#853,#1021,.T.);
#591=EDGE_CURVE('',#854,#852,#1022,.T.);
#592=EDGE_CURVE('',#855,#854,#1023,.T.);
#593=EDGE_CURVE('',#853,#855,#1024,.T.);
#594=EDGE_CURVE('',#856,#857,#1025,.T.);
#595=EDGE_CURVE('',#856,#858,#30,.T.);
#596=EDGE_CURVE('',#859,#858,#1026,.T.);
#597=EDGE_CURVE('',#859,#860,#31,.T.);
#598=EDGE_CURVE('',#860,#861,#1027,.T.);
#599=EDGE_CURVE('',#861,#862,#32,.T.);
#600=EDGE_CURVE('',#862,#863,#1028,.T.);
#601=EDGE_CURVE('',#863,#857,#33,.T.);
#602=EDGE_CURVE('',#864,#865,#1029,.T.);
#603=EDGE_CURVE('',#865,#866,#1030,.T.);
#604=EDGE_CURVE('',#867,#866,#1031,.T.);
#605=EDGE_CURVE('',#864,#867,#1032,.T.);
#606=EDGE_CURVE('',#868,#869,#1033,.T.);
#607=EDGE_CURVE('',#869,#870,#1034,.T.);
#608=EDGE_CURVE('',#871,#870,#1035,.T.);
#609=EDGE_CURVE('',#871,#872,#1036,.T.);
#610=EDGE_CURVE('',#872,#873,#1037,.T.);
#611=EDGE_CURVE('',#873,#874,#1038,.T.);
#612=EDGE_CURVE('',#875,#874,#1039,.T.);
#613=EDGE_CURVE('',#868,#875,#1040,.T.);
#614=EDGE_CURVE('',#876,#877,#1041,.T.);
#615=EDGE_CURVE('',#877,#878,#1042,.T.);
#616=EDGE_CURVE('',#878,#879,#1043,.T.);
#617=EDGE_CURVE('',#879,#876,#1044,.T.);
#618=EDGE_CURVE('',#880,#881,#1045,.T.);
#619=EDGE_CURVE('',#881,#882,#1046,.T.);
#620=EDGE_CURVE('',#882,#883,#1047,.T.);
#621=EDGE_CURVE('',#883,#880,#1048,.T.);
#622=EDGE_CURVE('',#884,#885,#1049,.T.);
#623=EDGE_CURVE('',#885,#886,#1050,.T.);
#624=EDGE_CURVE('',#886,#887,#1051,.T.);
#625=EDGE_CURVE('',#887,#884,#1052,.T.);
#626=EDGE_CURVE('',#888,#889,#1053,.T.);
#627=EDGE_CURVE('',#889,#890,#1054,.T.);
#628=EDGE_CURVE('',#890,#891,#1055,.T.);
#629=EDGE_CURVE('',#891,#888,#1056,.T.);
#630=EDGE_CURVE('',#892,#893,#1057,.T.);
#631=EDGE_CURVE('',#893,#894,#1058,.T.);
#632=EDGE_CURVE('',#894,#895,#1059,.T.);
#633=EDGE_CURVE('',#895,#892,#1060,.T.);
#634=EDGE_CURVE('',#896,#897,#1061,.T.);
#635=EDGE_CURVE('',#897,#898,#1062,.T.);
#636=EDGE_CURVE('',#898,#899,#1063,.T.);
#637=EDGE_CURVE('',#899,#896,#1064,.T.);
#638=EDGE_CURVE('',#900,#900,#34,.T.);
#639=EDGE_CURVE('',#901,#901,#35,.F.);
#640=EDGE_CURVE('',#902,#903,#1065,.T.);
#641=EDGE_CURVE('',#904,#902,#1066,.T.);
#642=EDGE_CURVE('',#905,#904,#1067,.T.);
#643=EDGE_CURVE('',#905,#903,#1068,.T.);
#644=EDGE_CURVE('',#906,#907,#1069,.T.);
#645=EDGE_CURVE('',#907,#908,#36,.F.);
#646=EDGE_CURVE('',#908,#909,#1070,.T.);
#647=EDGE_CURVE('',#909,#910,#37,.F.);
#648=EDGE_CURVE('',#911,#910,#1071,.T.);
#649=EDGE_CURVE('',#911,#912,#38,.F.);
#650=EDGE_CURVE('',#913,#912,#1072,.T.);
#651=EDGE_CURVE('',#913,#906,#39,.F.);
#652=EDGE_CURVE('',#914,#915,#1073,.T.);
#653=EDGE_CURVE('',#915,#916,#1074,.T.);
#654=EDGE_CURVE('',#917,#916,#1075,.T.);
#655=EDGE_CURVE('',#914,#917,#1076,.T.);
#656=EDGE_CURVE('',#918,#919,#1077,.T.);
#657=EDGE_CURVE('',#920,#919,#1078,.T.);
#658=EDGE_CURVE('',#921,#920,#1079,.T.);
#659=EDGE_CURVE('',#921,#918,#1080,.T.);
#660=EDGE_CURVE('',#920,#922,#1081,.T.);
#661=EDGE_CURVE('',#923,#922,#1082,.T.);
#662=EDGE_CURVE('',#921,#923,#1083,.T.);
#663=EDGE_CURVE('',#922,#924,#1084,.T.);
#664=EDGE_CURVE('',#925,#924,#1085,.T.);
#665=EDGE_CURVE('',#923,#925,#1086,.T.);
#666=EDGE_CURVE('',#919,#924,#1087,.T.);
#667=EDGE_CURVE('',#918,#925,#1088,.T.);
#668=EDGE_CURVE('',#865,#926,#1089,.T.);
#669=EDGE_CURVE('',#927,#926,#1090,.T.);
#670=EDGE_CURVE('',#866,#927,#1091,.T.);
#671=EDGE_CURVE('',#927,#928,#1092,.T.);
#672=EDGE_CURVE('',#867,#928,#1093,.T.);
#673=EDGE_CURVE('',#928,#929,#1094,.T.);
#674=EDGE_CURVE('',#864,#929,#1095,.T.);
#675=EDGE_CURVE('',#926,#929,#1096,.T.);
#676=EDGE_CURVE('',#869,#930,#1097,.T.);
#677=EDGE_CURVE('',#931,#930,#1098,.T.);
#678=EDGE_CURVE('',#870,#931,#1099,.T.);
#679=EDGE_CURVE('',#931,#932,#1100,.T.);
#680=EDGE_CURVE('',#871,#932,#1101,.T.);
#681=EDGE_CURVE('',#872,#933,#1102,.T.);
#682=EDGE_CURVE('',#934,#933,#1103,.T.);
#683=EDGE_CURVE('',#873,#934,#1104,.T.);
#684=EDGE_CURVE('',#935,#934,#1105,.T.);
#685=EDGE_CURVE('',#874,#935,#1106,.T.);
#686=EDGE_CURVE('',#935,#936,#1107,.T.);
#687=EDGE_CURVE('',#875,#936,#1108,.T.);
#688=EDGE_CURVE('',#936,#937,#1109,.T.);
#689=EDGE_CURVE('',#868,#937,#1110,.T.);
#690=EDGE_CURVE('',#930,#937,#1111,.T.);
#691=EDGE_CURVE('',#858,#907,#1112,.T.);
#692=EDGE_CURVE('',#906,#859,#1113,.F.);
#693=EDGE_CURVE('',#912,#861,#1114,.F.);
#694=EDGE_CURVE('',#860,#913,#1115,.T.);
#695=EDGE_CURVE('',#910,#863,#1116,.F.);
#696=EDGE_CURVE('',#862,#911,#1117,.T.);
#697=EDGE_CURVE('',#908,#856,#1118,.F.);
#698=EDGE_CURVE('',#857,#909,#1119,.T.);
#699=EDGE_CURVE('',#933,#932,#1120,.T.);
#700=EDGE_CURVE('',#938,#939,#1121,.T.);
#701=EDGE_CURVE('',#939,#940,#1122,.T.);
#702=EDGE_CURVE('',#941,#940,#1123,.T.);
#703=EDGE_CURVE('',#938,#941,#1124,.T.);
#704=EDGE_CURVE('',#942,#914,#1125,.T.);
#705=EDGE_CURVE('',#942,#943,#1126,.T.);
#706=EDGE_CURVE('',#943,#915,#1127,.T.);
#707=EDGE_CURVE('',#944,#917,#1128,.T.);
#708=EDGE_CURVE('',#942,#944,#1129,.T.);
#709=EDGE_CURVE('',#945,#916,#1130,.T.);
#710=EDGE_CURVE('',#944,#945,#1131,.T.);
#711=EDGE_CURVE('',#943,#945,#1132,.T.);
#712=EDGE_CURVE('',#946,#938,#1133,.T.);
#713=EDGE_CURVE('',#946,#947,#1134,.T.);
#714=EDGE_CURVE('',#947,#939,#1135,.T.);
#715=EDGE_CURVE('',#948,#941,#1136,.T.);
#716=EDGE_CURVE('',#946,#948,#1137,.T.);
#717=EDGE_CURVE('',#949,#940,#1138,.T.);
#718=EDGE_CURVE('',#948,#949,#1139,.T.);
#719=EDGE_CURVE('',#947,#949,#1140,.T.);
#720=EDGE_CURVE('',#902,#830,#1141,.T.);
#721=EDGE_CURVE('',#903,#839,#1142,.T.);
#722=EDGE_CURVE('',#904,#905,#40,.T.);
#723=EDGE_CURVE('',#950,#853,#1143,.T.);
#724=EDGE_CURVE('',#951,#950,#1144,.T.);
#725=EDGE_CURVE('',#951,#852,#1145,.T.);
#726=EDGE_CURVE('',#952,#855,#1146,.T.);
#727=EDGE_CURVE('',#950,#952,#1147,.T.);
#728=EDGE_CURVE('',#953,#854,#1148,.T.);
#729=EDGE_CURVE('',#952,#953,#1149,.T.);
#730=EDGE_CURVE('',#953,#951,#1150,.T.);
#731=EDGE_CURVE('',#954,#877,#1151,.T.);
#732=EDGE_CURVE('',#954,#955,#1152,.T.);
#733=EDGE_CURVE('',#955,#878,#1153,.T.);
#734=EDGE_CURVE('',#956,#876,#1154,.T.);
#735=EDGE_CURVE('',#956,#954,#1155,.T.);
#736=EDGE_CURVE('',#957,#879,#1156,.T.);
#737=EDGE_CURVE('',#957,#956,#1157,.T.);
#738=EDGE_CURVE('',#955,#957,#1158,.T.);
#739=EDGE_CURVE('',#958,#881,#1159,.T.);
#740=EDGE_CURVE('',#958,#959,#1160,.T.);
#741=EDGE_CURVE('',#959,#882,#1161,.T.);
#742=EDGE_CURVE('',#960,#880,#1162,.T.);
#743=EDGE_CURVE('',#960,#958,#1163,.T.);
#744=EDGE_CURVE('',#961,#883,#1164,.T.);
#745=EDGE_CURVE('',#961,#960,#1165,.T.);
#746=EDGE_CURVE('',#959,#961,#1166,.T.);
#747=EDGE_CURVE('',#962,#849,#1167,.T.);
#748=EDGE_CURVE('',#963,#962,#1168,.T.);
#749=EDGE_CURVE('',#963,#848,#1169,.T.);
#750=EDGE_CURVE('',#964,#851,#1170,.T.);
#751=EDGE_CURVE('',#962,#964,#1171,.T.);
#752=EDGE_CURVE('',#965,#850,#1172,.T.);
#753=EDGE_CURVE('',#964,#965,#1173,.T.);
#754=EDGE_CURVE('',#965,#963,#1174,.T.);
#755=EDGE_CURVE('',#966,#885,#1175,.T.);
#756=EDGE_CURVE('',#966,#967,#1176,.T.);
#757=EDGE_CURVE('',#967,#886,#1177,.T.);
#758=EDGE_CURVE('',#968,#884,#1178,.T.);
#759=EDGE_CURVE('',#968,#966,#1179,.T.);
#760=EDGE_CURVE('',#969,#887,#1180,.T.);
#761=EDGE_CURVE('',#969,#968,#1181,.T.);
#762=EDGE_CURVE('',#967,#969,#1182,.T.);
#763=EDGE_CURVE('',#970,#889,#1183,.T.);
#764=EDGE_CURVE('',#970,#971,#1184,.T.);
#765=EDGE_CURVE('',#971,#890,#1185,.T.);
#766=EDGE_CURVE('',#972,#888,#1186,.T.);
#767=EDGE_CURVE('',#972,#970,#1187,.T.);
#768=EDGE_CURVE('',#973,#891,#1188,.T.);
#769=EDGE_CURVE('',#973,#972,#1189,.T.);
#770=EDGE_CURVE('',#971,#973,#1190,.T.);
#771=EDGE_CURVE('',#974,#893,#1191,.T.);
#772=EDGE_CURVE('',#974,#975,#1192,.T.);
#773=EDGE_CURVE('',#975,#894,#1193,.T.);
#774=EDGE_CURVE('',#976,#892,#1194,.T.);
#775=EDGE_CURVE('',#976,#974,#1195,.T.);
#776=EDGE_CURVE('',#977,#895,#1196,.T.);
#777=EDGE_CURVE('',#977,#976,#1197,.T.);
#778=EDGE_CURVE('',#975,#977,#1198,.T.);
#779=EDGE_CURVE('',#978,#897,#1199,.T.);
#780=EDGE_CURVE('',#978,#979,#1200,.T.);
#781=EDGE_CURVE('',#979,#898,#1201,.T.);
#782=EDGE_CURVE('',#980,#896,#1202,.T.);
#783=EDGE_CURVE('',#980,#978,#1203,.T.);
#784=EDGE_CURVE('',#981,#899,#1204,.T.);
#785=EDGE_CURVE('',#981,#980,#1205,.T.);
#786=EDGE_CURVE('',#979,#981,#1206,.T.);
#787=EDGE_CURVE('',#982,#845,#1207,.T.);
#788=EDGE_CURVE('',#983,#982,#1208,.T.);
#789=EDGE_CURVE('',#983,#844,#1209,.T.);
#790=EDGE_CURVE('',#984,#847,#1210,.T.);
#791=EDGE_CURVE('',#982,#984,#1211,.T.);
#792=EDGE_CURVE('',#985,#846,#1212,.T.);
#793=EDGE_CURVE('',#984,#985,#1213,.T.);
#794=EDGE_CURVE('',#985,#983,#1214,.T.);
#795=EDGE_CURVE('',#986,#841,#1215,.T.);
#796=EDGE_CURVE('',#987,#986,#1216,.T.);
#797=EDGE_CURVE('',#987,#840,#1217,.T.);
#798=EDGE_CURVE('',#988,#843,#1218,.T.);
#799=EDGE_CURVE('',#986,#988,#1219,.T.);
#800=EDGE_CURVE('',#989,#842,#1220,.T.);
#801=EDGE_CURVE('',#988,#989,#1221,.T.);
#802=EDGE_CURVE('',#989,#987,#1222,.T.);
#803=EDGE_CURVE('',#990,#991,#23,.T.);
#804=EDGE_CURVE('',#991,#838,#1223,.T.);
#805=EDGE_CURVE('',#992,#837,#1224,.T.);
#806=EDGE_CURVE('',#993,#992,#24,.T.);
#807=EDGE_CURVE('',#993,#990,#1225,.T.);
#808=EDGE_CURVE('',#994,#836,#1226,.T.);
#809=EDGE_CURVE('',#994,#990,#25,.T.);
#810=EDGE_CURVE('',#992,#993,#26,.T.);
#811=EDGE_CURVE('',#995,#996,#41,.T.);
#812=EDGE_CURVE('',#996,#831,#1227,.T.);
#813=EDGE_CURVE('',#997,#829,#1228,.T.);
#814=EDGE_CURVE('',#998,#997,#1229,.T.);
#815=EDGE_CURVE('',#999,#998,#42,.T.);
#816=EDGE_CURVE('',#999,#1000,#1230,.T.);
#817=EDGE_CURVE('',#1000,#835,#1231,.T.);
#818=EDGE_CURVE('',#995,#834,#1232,.T.);
#819=EDGE_CURVE('',#997,#1000,#1233,.T.);
#820=EDGE_CURVE('',#998,#999,#1234,.T.);
#821=EDGE_CURVE('',#996,#1001,#1235,.T.);
#822=EDGE_CURVE('',#1001,#832,#1236,.T.);
#823=EDGE_CURVE('',#1002,#833,#1237,.T.);
#824=EDGE_CURVE('',#1002,#995,#1238,.T.);
#825=EDGE_CURVE('',#1001,#1002,#1239,.T.);
#826=EDGE_CURVE('',#903,#991,#1240,.T.);
#827=EDGE_CURVE('',#994,#1000,#1241,.T.);
#828=EDGE_CURVE('',#997,#902,#1242,.T.);
#829=VERTEX_POINT('',#2574);
#830=VERTEX_POINT('',#2575);
#831=VERTEX_POINT('',#2577);
#832=VERTEX_POINT('',#2579);
#833=VERTEX_POINT('',#2581);
#834=VERTEX_POINT('',#2583);
#835=VERTEX_POINT('',#2585);
#836=VERTEX_POINT('',#2587);
#837=VERTEX_POINT('',#2589);
#838=VERTEX_POINT('',#2591);
#839=VERTEX_POINT('',#2593);
#840=VERTEX_POINT('',#2596);
#841=VERTEX_POINT('',#2597);
#842=VERTEX_POINT('',#2599);
#843=VERTEX_POINT('',#2601);
#844=VERTEX_POINT('',#2604);
#845=VERTEX_POINT('',#2605);
#846=VERTEX_POINT('',#2607);
#847=VERTEX_POINT('',#2609);
#848=VERTEX_POINT('',#2612);
#849=VERTEX_POINT('',#2613);
#850=VERTEX_POINT('',#2615);
#851=VERTEX_POINT('',#2617);
#852=VERTEX_POINT('',#2620);
#853=VERTEX_POINT('',#2621);
#854=VERTEX_POINT('',#2623);
#855=VERTEX_POINT('',#2625);
#856=VERTEX_POINT('',#2628);
#857=VERTEX_POINT('',#2629);
#858=VERTEX_POINT('',#2631);
#859=VERTEX_POINT('',#2633);
#860=VERTEX_POINT('',#2635);
#861=VERTEX_POINT('',#2637);
#862=VERTEX_POINT('',#2639);
#863=VERTEX_POINT('',#2641);
#864=VERTEX_POINT('',#2644);
#865=VERTEX_POINT('',#2645);
#866=VERTEX_POINT('',#2647);
#867=VERTEX_POINT('',#2649);
#868=VERTEX_POINT('',#2652);
#869=VERTEX_POINT('',#2653);
#870=VERTEX_POINT('',#2655);
#871=VERTEX_POINT('',#2657);
#872=VERTEX_POINT('',#2659);
#873=VERTEX_POINT('',#2661);
#874=VERTEX_POINT('',#2663);
#875=VERTEX_POINT('',#2665);
#876=VERTEX_POINT('',#2668);
#877=VERTEX_POINT('',#2669);
#878=VERTEX_POINT('',#2671);
#879=VERTEX_POINT('',#2673);
#880=VERTEX_POINT('',#2676);
#881=VERTEX_POINT('',#2677);
#882=VERTEX_POINT('',#2679);
#883=VERTEX_POINT('',#2681);
#884=VERTEX_POINT('',#2684);
#885=VERTEX_POINT('',#2685);
#886=VERTEX_POINT('',#2687);
#887=VERTEX_POINT('',#2689);
#888=VERTEX_POINT('',#2692);
#889=VERTEX_POINT('',#2693);
#890=VERTEX_POINT('',#2695);
#891=VERTEX_POINT('',#2697);
#892=VERTEX_POINT('',#2700);
#893=VERTEX_POINT('',#2701);
#894=VERTEX_POINT('',#2703);
#895=VERTEX_POINT('',#2705);
#896=VERTEX_POINT('',#2708);
#897=VERTEX_POINT('',#2709);
#898=VERTEX_POINT('',#2711);
#899=VERTEX_POINT('',#2713);
#900=VERTEX_POINT('',#2717);
#901=VERTEX_POINT('',#2719);
#902=VERTEX_POINT('',#2722);
#903=VERTEX_POINT('',#2723);
#904=VERTEX_POINT('',#2725);
#905=VERTEX_POINT('',#2727);
#906=VERTEX_POINT('',#2731);
#907=VERTEX_POINT('',#2732);
#908=VERTEX_POINT('',#2734);
#909=VERTEX_POINT('',#2736);
#910=VERTEX_POINT('',#2738);
#911=VERTEX_POINT('',#2740);
#912=VERTEX_POINT('',#2742);
#913=VERTEX_POINT('',#2744);
#914=VERTEX_POINT('',#2747);
#915=VERTEX_POINT('',#2748);
#916=VERTEX_POINT('',#2750);
#917=VERTEX_POINT('',#2752);
#918=VERTEX_POINT('',#2756);
#919=VERTEX_POINT('',#2757);
#920=VERTEX_POINT('',#2759);
#921=VERTEX_POINT('',#2761);
#922=VERTEX_POINT('',#2765);
#923=VERTEX_POINT('',#2767);
#924=VERTEX_POINT('',#2771);
#925=VERTEX_POINT('',#2773);
#926=VERTEX_POINT('',#2780);
#927=VERTEX_POINT('',#2782);
#928=VERTEX_POINT('',#2786);
#929=VERTEX_POINT('',#2790);
#930=VERTEX_POINT('',#2796);
#931=VERTEX_POINT('',#2798);
#932=VERTEX_POINT('',#2802);
#933=VERTEX_POINT('',#2806);
#934=VERTEX_POINT('',#2808);
#935=VERTEX_POINT('',#2812);
#936=VERTEX_POINT('',#2816);
#937=VERTEX_POINT('',#2820);
#938=VERTEX_POINT('',#2840);
#939=VERTEX_POINT('',#2841);
#940=VERTEX_POINT('',#2843);
#941=VERTEX_POINT('',#2845);
#942=VERTEX_POINT('',#2849);
#943=VERTEX_POINT('',#2851);
#944=VERTEX_POINT('',#2855);
#945=VERTEX_POINT('',#2859);
#946=VERTEX_POINT('',#2870);
#947=VERTEX_POINT('',#2872);
#948=VERTEX_POINT('',#2876);
#949=VERTEX_POINT('',#2880);
#950=VERTEX_POINT('',#2892);
#951=VERTEX_POINT('',#2894);
#952=VERTEX_POINT('',#2898);
#953=VERTEX_POINT('',#2902);
#954=VERTEX_POINT('',#2909);
#955=VERTEX_POINT('',#2911);
#956=VERTEX_POINT('',#2915);
#957=VERTEX_POINT('',#2919);
#958=VERTEX_POINT('',#2926);
#959=VERTEX_POINT('',#2928);
#960=VERTEX_POINT('',#2932);
#961=VERTEX_POINT('',#2936);
#962=VERTEX_POINT('',#2943);
#963=VERTEX_POINT('',#2945);
#964=VERTEX_POINT('',#2949);
#965=VERTEX_POINT('',#2953);
#966=VERTEX_POINT('',#2960);
#967=VERTEX_POINT('',#2962);
#968=VERTEX_POINT('',#2966);
#969=VERTEX_POINT('',#2970);
#970=VERTEX_POINT('',#2977);
#971=VERTEX_POINT('',#2979);
#972=VERTEX_POINT('',#2983);
#973=VERTEX_POINT('',#2987);
#974=VERTEX_POINT('',#2994);
#975=VERTEX_POINT('',#2996);
#976=VERTEX_POINT('',#3000);
#977=VERTEX_POINT('',#3004);
#978=VERTEX_POINT('',#3011);
#979=VERTEX_POINT('',#3013);
#980=VERTEX_POINT('',#3017);
#981=VERTEX_POINT('',#3021);
#982=VERTEX_POINT('',#3028);
#983=VERTEX_POINT('',#3030);
#984=VERTEX_POINT('',#3034);
#985=VERTEX_POINT('',#3038);
#986=VERTEX_POINT('',#3045);
#987=VERTEX_POINT('',#3047);
#988=VERTEX_POINT('',#3051);
#989=VERTEX_POINT('',#3055);
#990=VERTEX_POINT('',#3083);
#991=VERTEX_POINT('',#3084);
#992=VERTEX_POINT('',#3087);
#993=VERTEX_POINT('',#3089);
#994=VERTEX_POINT('',#3114);
#995=VERTEX_POINT('',#3120);
#996=VERTEX_POINT('',#3121);
#997=VERTEX_POINT('',#3124);
#998=VERTEX_POINT('',#3126);
#999=VERTEX_POINT('',#3128);
#1000=VERTEX_POINT('',#3130);
#1001=VERTEX_POINT('',#3139);
#1002=VERTEX_POINT('',#3143);
#1003=LINE('',#2573,#1243);
#1004=LINE('',#2578,#1244);
#1005=LINE('',#2580,#1245);
#1006=LINE('',#2582,#1246);
#1007=LINE('',#2586,#1247);
#1008=LINE('',#2592,#1248);
#1009=LINE('',#2595,#1249);
#1010=LINE('',#2598,#1250);
#1011=LINE('',#2600,#1251);
#1012=LINE('',#2602,#1252);
#1013=LINE('',#2603,#1253);
#1014=LINE('',#2606,#1254);
#1015=LINE('',#2608,#1255);
#1016=LINE('',#2610,#1256);
#1017=LINE('',#2611,#1257);
#1018=LINE('',#2614,#1258);
#1019=LINE('',#2616,#1259);
#1020=LINE('',#2618,#1260);
#1021=LINE('',#2619,#1261);
#1022=LINE('',#2622,#1262);
#1023=LINE('',#2624,#1263);
#1024=LINE('',#2626,#1264);
#1025=LINE('',#2627,#1265);
#1026=LINE('',#2632,#1266);
#1027=LINE('',#2636,#1267);
#1028=LINE('',#2640,#1268);
#1029=LINE('',#2643,#1269);
#1030=LINE('',#2646,#1270);
#1031=LINE('',#2648,#1271);
#1032=LINE('',#2650,#1272);
#1033=LINE('',#2651,#1273);
#1034=LINE('',#2654,#1274);
#1035=LINE('',#2656,#1275);
#1036=LINE('',#2658,#1276);
#1037=LINE('',#2660,#1277);
#1038=LINE('',#2662,#1278);
#1039=LINE('',#2664,#1279);
#1040=LINE('',#2666,#1280);
#1041=LINE('',#2667,#1281);
#1042=LINE('',#2670,#1282);
#1043=LINE('',#2672,#1283);
#1044=LINE('',#2674,#1284);
#1045=LINE('',#2675,#1285);
#1046=LINE('',#2678,#1286);
#1047=LINE('',#2680,#1287);
#1048=LINE('',#2682,#1288);
#1049=LINE('',#2683,#1289);
#1050=LINE('',#2686,#1290);
#1051=LINE('',#2688,#1291);
#1052=LINE('',#2690,#1292);
#1053=LINE('',#2691,#1293);
#1054=LINE('',#2694,#1294);
#1055=LINE('',#2696,#1295);
#1056=LINE('',#2698,#1296);
#1057=LINE('',#2699,#1297);
#1058=LINE('',#2702,#1298);
#1059=LINE('',#2704,#1299);
#1060=LINE('',#2706,#1300);
#1061=LINE('',#2707,#1301);
#1062=LINE('',#2710,#1302);
#1063=LINE('',#2712,#1303);
#1064=LINE('',#2714,#1304);
#1065=LINE('',#2721,#1305);
#1066=LINE('',#2724,#1306);
#1067=LINE('',#2726,#1307);
#1068=LINE('',#2728,#1308);
#1069=LINE('',#2730,#1309);
#1070=LINE('',#2735,#1310);
#1071=LINE('',#2739,#1311);
#1072=LINE('',#2743,#1312);
#1073=LINE('',#2746,#1313);
#1074=LINE('',#2749,#1314);
#1075=LINE('',#2751,#1315);
#1076=LINE('',#2753,#1316);
#1077=LINE('',#2755,#1317);
#1078=LINE('',#2758,#1318);
#1079=LINE('',#2760,#1319);
#1080=LINE('',#2762,#1320);
#1081=LINE('',#2764,#1321);
#1082=LINE('',#2766,#1322);
#1083=LINE('',#2768,#1323);
#1084=LINE('',#2770,#1324);
#1085=LINE('',#2772,#1325);
#1086=LINE('',#2774,#1326);
#1087=LINE('',#2776,#1327);
#1088=LINE('',#2777,#1328);
#1089=LINE('',#2779,#1329);
#1090=LINE('',#2781,#1330);
#1091=LINE('',#2783,#1331);
#1092=LINE('',#2785,#1332);
#1093=LINE('',#2787,#1333);
#1094=LINE('',#2789,#1334);
#1095=LINE('',#2791,#1335);
#1096=LINE('',#2793,#1336);
#1097=LINE('',#2795,#1337);
#1098=LINE('',#2797,#1338);
#1099=LINE('',#2799,#1339);
#1100=LINE('',#2801,#1340);
#1101=LINE('',#2803,#1341);
#1102=LINE('',#2805,#1342);
#1103=LINE('',#2807,#1343);
#1104=LINE('',#2809,#1344);
#1105=LINE('',#2811,#1345);
#1106=LINE('',#2813,#1346);
#1107=LINE('',#2815,#1347);
#1108=LINE('',#2817,#1348);
#1109=LINE('',#2819,#1349);
#1110=LINE('',#2821,#1350);
#1111=LINE('',#2823,#1351);
#1112=LINE('',#2825,#1352);
#1113=LINE('',#2826,#1353);
#1114=LINE('',#2828,#1354);
#1115=LINE('',#2829,#1355);
#1116=LINE('',#2831,#1356);
#1117=LINE('',#2832,#1357);
#1118=LINE('',#2834,#1358);
#1119=LINE('',#2835,#1359);
#1120=LINE('',#2837,#1360);
#1121=LINE('',#2839,#1361);
#1122=LINE('',#2842,#1362);
#1123=LINE('',#2844,#1363);
#1124=LINE('',#2846,#1364);
#1125=LINE('',#2848,#1365);
#1126=LINE('',#2850,#1366);
#1127=LINE('',#2852,#1367);
#1128=LINE('',#2854,#1368);
#1129=LINE('',#2856,#1369);
#1130=LINE('',#2858,#1370);
#1131=LINE('',#2860,#1371);
#1132=LINE('',#2862,#1372);
#1133=LINE('',#2869,#1373);
#1134=LINE('',#2871,#1374);
#1135=LINE('',#2873,#1375);
#1136=LINE('',#2875,#1376);
#1137=LINE('',#2877,#1377);
#1138=LINE('',#2879,#1378);
#1139=LINE('',#2881,#1379);
#1140=LINE('',#2883,#1380);
#1141=LINE('',#2886,#1381);
#1142=LINE('',#2887,#1382);
#1143=LINE('',#2891,#1383);
#1144=LINE('',#2893,#1384);
#1145=LINE('',#2895,#1385);
#1146=LINE('',#2897,#1386);
#1147=LINE('',#2899,#1387);
#1148=LINE('',#2901,#1388);
#1149=LINE('',#2903,#1389);
#1150=LINE('',#2905,#1390);
#1151=LINE('',#2908,#1391);
#1152=LINE('',#2910,#1392);
#1153=LINE('',#2912,#1393);
#1154=LINE('',#2914,#1394);
#1155=LINE('',#2916,#1395);
#1156=LINE('',#2918,#1396);
#1157=LINE('',#2920,#1397);
#1158=LINE('',#2922,#1398);
#1159=LINE('',#2925,#1399);
#1160=LINE('',#2927,#1400);
#1161=LINE('',#2929,#1401);
#1162=LINE('',#2931,#1402);
#1163=LINE('',#2933,#1403);
#1164=LINE('',#2935,#1404);
#1165=LINE('',#2937,#1405);
#1166=LINE('',#2939,#1406);
#1167=LINE('',#2942,#1407);
#1168=LINE('',#2944,#1408);
#1169=LINE('',#2946,#1409);
#1170=LINE('',#2948,#1410);
#1171=LINE('',#2950,#1411);
#1172=LINE('',#2952,#1412);
#1173=LINE('',#2954,#1413);
#1174=LINE('',#2956,#1414);
#1175=LINE('',#2959,#1415);
#1176=LINE('',#2961,#1416);
#1177=LINE('',#2963,#1417);
#1178=LINE('',#2965,#1418);
#1179=LINE('',#2967,#1419);
#1180=LINE('',#2969,#1420);
#1181=LINE('',#2971,#1421);
#1182=LINE('',#2973,#1422);
#1183=LINE('',#2976,#1423);
#1184=LINE('',#2978,#1424);
#1185=LINE('',#2980,#1425);
#1186=LINE('',#2982,#1426);
#1187=LINE('',#2984,#1427);
#1188=LINE('',#2986,#1428);
#1189=LINE('',#2988,#1429);
#1190=LINE('',#2990,#1430);
#1191=LINE('',#2993,#1431);
#1192=LINE('',#2995,#1432);
#1193=LINE('',#2997,#1433);
#1194=LINE('',#2999,#1434);
#1195=LINE('',#3001,#1435);
#1196=LINE('',#3003,#1436);
#1197=LINE('',#3005,#1437);
#1198=LINE('',#3007,#1438);
#1199=LINE('',#3010,#1439);
#1200=LINE('',#3012,#1440);
#1201=LINE('',#3014,#1441);
#1202=LINE('',#3016,#1442);
#1203=LINE('',#3018,#1443);
#1204=LINE('',#3020,#1444);
#1205=LINE('',#3022,#1445);
#1206=LINE('',#3024,#1446);
#1207=LINE('',#3027,#1447);
#1208=LINE('',#3029,#1448);
#1209=LINE('',#3031,#1449);
#1210=LINE('',#3033,#1450);
#1211=LINE('',#3035,#1451);
#1212=LINE('',#3037,#1452);
#1213=LINE('',#3039,#1453);
#1214=LINE('',#3041,#1454);
#1215=LINE('',#3044,#1455);
#1216=LINE('',#3046,#1456);
#1217=LINE('',#3048,#1457);
#1218=LINE('',#3050,#1458);
#1219=LINE('',#3052,#1459);
#1220=LINE('',#3054,#1460);
#1221=LINE('',#3056,#1461);
#1222=LINE('',#3058,#1462);
#1223=LINE('',#3085,#1463);
#1224=LINE('',#3086,#1464);
#1225=LINE('',#3090,#1465);
#1226=LINE('',#3113,#1466);
#1227=LINE('',#3122,#1467);
#1228=LINE('',#3123,#1468);
#1229=LINE('',#3125,#1469);
#1230=LINE('',#3129,#1470);
#1231=LINE('',#3131,#1471);
#1232=LINE('',#3132,#1472);
#1233=LINE('',#3134,#1473);
#1234=LINE('',#3135,#1474);
#1235=LINE('',#3138,#1475);
#1236=LINE('',#3140,#1476);
#1237=LINE('',#3142,#1477);
#1238=LINE('',#3144,#1478);
#1239=LINE('',#3146,#1479);
#1240=LINE('',#3149,#1480);
#1241=LINE('',#3150,#1481);
#1242=LINE('',#3151,#1482);
#1243=VECTOR('',#2081,1.);
#1244=VECTOR('',#2084,1.);
#1245=VECTOR('',#2085,1.);
#1246=VECTOR('',#2086,1.);
#1247=VECTOR('',#2089,1.);
#1248=VECTOR('',#2094,1.);
#1249=VECTOR('',#2097,1.);
#1250=VECTOR('',#2098,1.);
#1251=VECTOR('',#2099,1.);
#1252=VECTOR('',#2100,1.);
#1253=VECTOR('',#2101,1.);
#1254=VECTOR('',#2102,1.);
#1255=VECTOR('',#2103,1.);
#1256=VECTOR('',#2104,1.);
#1257=VECTOR('',#2105,1.);
#1258=VECTOR('',#2106,1.);
#1259=VECTOR('',#2107,1.);
#1260=VECTOR('',#2108,1.);
#1261=VECTOR('',#2109,1.);
#1262=VECTOR('',#2110,1.);
#1263=VECTOR('',#2111,1.);
#1264=VECTOR('',#2112,1.);
#1265=VECTOR('',#2113,1.);
#1266=VECTOR('',#2116,1.);
#1267=VECTOR('',#2119,1.);
#1268=VECTOR('',#2122,1.);
#1269=VECTOR('',#2125,1.);
#1270=VECTOR('',#2126,1.);
#1271=VECTOR('',#2127,1.);
#1272=VECTOR('',#2128,1.);
#1273=VECTOR('',#2129,1.);
#1274=VECTOR('',#2130,1.);
#1275=VECTOR('',#2131,1.);
#1276=VECTOR('',#2132,1.);
#1277=VECTOR('',#2133,1.);
#1278=VECTOR('',#2134,1.);
#1279=VECTOR('',#2135,1.);
#1280=VECTOR('',#2136,1.);
#1281=VECTOR('',#2137,1.);
#1282=VECTOR('',#2138,1.);
#1283=VECTOR('',#2139,1.);
#1284=VECTOR('',#2140,1.);
#1285=VECTOR('',#2141,1.);
#1286=VECTOR('',#2142,1.);
#1287=VECTOR('',#2143,1.);
#1288=VECTOR('',#2144,1.);
#1289=VECTOR('',#2145,1.);
#1290=VECTOR('',#2146,1.);
#1291=VECTOR('',#2147,1.);
#1292=VECTOR('',#2148,1.);
#1293=VECTOR('',#2149,1.);
#1294=VECTOR('',#2150,1.);
#1295=VECTOR('',#2151,1.);
#1296=VECTOR('',#2152,1.);
#1297=VECTOR('',#2153,1.);
#1298=VECTOR('',#2154,1.);
#1299=VECTOR('',#2155,1.);
#1300=VECTOR('',#2156,1.);
#1301=VECTOR('',#2157,1.);
#1302=VECTOR('',#2158,1.);
#1303=VECTOR('',#2159,1.);
#1304=VECTOR('',#2160,1.);
#1305=VECTOR('',#2169,1.);
#1306=VECTOR('',#2170,1.);
#1307=VECTOR('',#2171,1.);
#1308=VECTOR('',#2172,1.);
#1309=VECTOR('',#2175,1.);
#1310=VECTOR('',#2178,1.);
#1311=VECTOR('',#2181,1.);
#1312=VECTOR('',#2184,1.);
#1313=VECTOR('',#2187,1.);
#1314=VECTOR('',#2188,1.);
#1315=VECTOR('',#2189,1.);
#1316=VECTOR('',#2190,1.);
#1317=VECTOR('',#2193,1.);
#1318=VECTOR('',#2194,1.);
#1319=VECTOR('',#2195,1.);
#1320=VECTOR('',#2196,1.);
#1321=VECTOR('',#2199,1.);
#1322=VECTOR('',#2200,1.);
#1323=VECTOR('',#2201,1.);
#1324=VECTOR('',#2204,1.);
#1325=VECTOR('',#2205,1.);
#1326=VECTOR('',#2206,1.);
#1327=VECTOR('',#2209,1.);
#1328=VECTOR('',#2210,1.);
#1329=VECTOR('',#2213,1.);
#1330=VECTOR('',#2214,1.);
#1331=VECTOR('',#2215,1.);
#1332=VECTOR('',#2218,1.);
#1333=VECTOR('',#2219,1.);
#1334=VECTOR('',#2222,1.);
#1335=VECTOR('',#2223,1.);
#1336=VECTOR('',#2226,1.);
#1337=VECTOR('',#2229,1.);
#1338=VECTOR('',#2230,1.);
#1339=VECTOR('',#2231,1.);
#1340=VECTOR('',#2234,1.);
#1341=VECTOR('',#2235,1.);
#1342=VECTOR('',#2238,1.);
#1343=VECTOR('',#2239,1.);
#1344=VECTOR('',#2240,1.);
#1345=VECTOR('',#2243,1.);
#1346=VECTOR('',#2244,1.);
#1347=VECTOR('',#2247,1.);
#1348=VECTOR('',#2248,1.);
#1349=VECTOR('',#2251,1.);
#1350=VECTOR('',#2252,1.);
#1351=VECTOR('',#2255,1.);
#1352=VECTOR('',#2258,1.);
#1353=VECTOR('',#2259,1.);
#1354=VECTOR('',#2262,1.);
#1355=VECTOR('',#2263,1.);
#1356=VECTOR('',#2266,1.);
#1357=VECTOR('',#2267,1.);
#1358=VECTOR('',#2270,1.);
#1359=VECTOR('',#2271,1.);
#1360=VECTOR('',#2274,1.);
#1361=VECTOR('',#2277,1.);
#1362=VECTOR('',#2278,1.);
#1363=VECTOR('',#2279,1.);
#1364=VECTOR('',#2280,1.);
#1365=VECTOR('',#2283,1.);
#1366=VECTOR('',#2284,1.);
#1367=VECTOR('',#2285,1.);
#1368=VECTOR('',#2288,1.);
#1369=VECTOR('',#2289,1.);
#1370=VECTOR('',#2292,1.);
#1371=VECTOR('',#2293,1.);
#1372=VECTOR('',#2296,1.);
#1373=VECTOR('',#2309,1.);
#1374=VECTOR('',#2310,1.);
#1375=VECTOR('',#2311,1.);
#1376=VECTOR('',#2314,1.);
#1377=VECTOR('',#2315,1.);
#1378=VECTOR('',#2318,1.);
#1379=VECTOR('',#2319,1.);
#1380=VECTOR('',#2322,1.);
#1381=VECTOR('',#2327,1.);
#1382=VECTOR('',#2328,1.);
#1383=VECTOR('',#2335,1.);
#1384=VECTOR('',#2336,1.);
#1385=VECTOR('',#2337,1.);
#1386=VECTOR('',#2340,1.);
#1387=VECTOR('',#2341,1.);
#1388=VECTOR('',#2344,1.);
#1389=VECTOR('',#2345,1.);
#1390=VECTOR('',#2348,1.);
#1391=VECTOR('',#2353,1.);
#1392=VECTOR('',#2354,1.);
#1393=VECTOR('',#2355,1.);
#1394=VECTOR('',#2358,1.);
#1395=VECTOR('',#2359,1.);
#1396=VECTOR('',#2362,1.);
#1397=VECTOR('',#2363,1.);
#1398=VECTOR('',#2366,1.);
#1399=VECTOR('',#2371,1.);
#1400=VECTOR('',#2372,1.);
#1401=VECTOR('',#2373,1.);
#1402=VECTOR('',#2376,1.);
#1403=VECTOR('',#2377,1.);
#1404=VECTOR('',#2380,1.);
#1405=VECTOR('',#2381,1.);
#1406=VECTOR('',#2384,1.);
#1407=VECTOR('',#2389,1.);
#1408=VECTOR('',#2390,1.);
#1409=VECTOR('',#2391,1.);
#1410=VECTOR('',#2394,1.);
#1411=VECTOR('',#2395,1.);
#1412=VECTOR('',#2398,1.);
#1413=VECTOR('',#2399,1.);
#1414=VECTOR('',#2402,1.);
#1415=VECTOR('',#2407,1.);
#1416=VECTOR('',#2408,1.);
#1417=VECTOR('',#2409,1.);
#1418=VECTOR('',#2412,1.);
#1419=VECTOR('',#2413,1.);
#1420=VECTOR('',#2416,1.);
#1421=VECTOR('',#2417,1.);
#1422=VECTOR('',#2420,1.);
#1423=VECTOR('',#2425,1.);
#1424=VECTOR('',#2426,1.);
#1425=VECTOR('',#2427,1.);
#1426=VECTOR('',#2430,1.);
#1427=VECTOR('',#2431,1.);
#1428=VECTOR('',#2434,1.);
#1429=VECTOR('',#2435,1.);
#1430=VECTOR('',#2438,1.);
#1431=VECTOR('',#2443,1.);
#1432=VECTOR('',#2444,1.);
#1433=VECTOR('',#2445,1.);
#1434=VECTOR('',#2448,1.);
#1435=VECTOR('',#2449,1.);
#1436=VECTOR('',#2452,1.);
#1437=VECTOR('',#2453,1.);
#1438=VECTOR('',#2456,1.);
#1439=VECTOR('',#2461,1.);
#1440=VECTOR('',#2462,1.);
#1441=VECTOR('',#2463,1.);
#1442=VECTOR('',#2466,1.);
#1443=VECTOR('',#2467,1.);
#1444=VECTOR('',#2470,1.);
#1445=VECTOR('',#2471,1.);
#1446=VECTOR('',#2474,1.);
#1447=VECTOR('',#2479,1.);
#1448=VECTOR('',#2480,1.);
#1449=VECTOR('',#2481,1.);
#1450=VECTOR('',#2484,1.);
#1451=VECTOR('',#2485,1.);
#1452=VECTOR('',#2488,1.);
#1453=VECTOR('',#2489,1.);
#1454=VECTOR('',#2492,1.);
#1455=VECTOR('',#2497,1.);
#1456=VECTOR('',#2498,1.);
#1457=VECTOR('',#2499,1.);
#1458=VECTOR('',#2502,1.);
#1459=VECTOR('',#2503,1.);
#1460=VECTOR('',#2506,1.);
#1461=VECTOR('',#2507,1.);
#1462=VECTOR('',#2510,1.);
#1463=VECTOR('',#2515,1.);
#1464=VECTOR('',#2516,1.);
#1465=VECTOR('',#2519,1.);
#1466=VECTOR('',#2520,1.);
#1467=VECTOR('',#2531,1.);
#1468=VECTOR('',#2532,1.);
#1469=VECTOR('',#2533,1.);
#1470=VECTOR('',#2536,1.);
#1471=VECTOR('',#2537,1.);
#1472=VECTOR('',#2538,1.);
#1473=VECTOR('',#2541,1.);
#1474=VECTOR('',#2542,1.);
#1475=VECTOR('',#2547,1.);
#1476=VECTOR('',#2548,1.);
#1477=VECTOR('',#2551,1.);
#1478=VECTOR('',#2552,1.);
#1479=VECTOR('',#2555,1.);
#1480=VECTOR('',#2560,1.);
#1481=VECTOR('',#2561,1.);
#1482=VECTOR('',#2562,1.);
#1483=EDGE_LOOP('',(#43,#44,#45,#46,#47,#48,#49,#50,#51,#52,#53));
#1484=EDGE_LOOP('',(#54,#55,#56,#57));
#1485=EDGE_LOOP('',(#58,#59,#60,#61));
#1486=EDGE_LOOP('',(#62,#63,#64,#65));
#1487=EDGE_LOOP('',(#66,#67,#68,#69));
#1488=EDGE_LOOP('',(#70,#71,#72,#73,#74,#75,#76,#77));
#1489=EDGE_LOOP('',(#78,#79,#80,#81));
#1490=EDGE_LOOP('',(#82,#83,#84,#85,#86,#87,#88,#89));
#1491=EDGE_LOOP('',(#90,#91,#92,#93));
#1492=EDGE_LOOP('',(#94,#95,#96,#97));
#1493=EDGE_LOOP('',(#98,#99,#100,#101));
#1494=EDGE_LOOP('',(#102,#103,#104,#105));
#1495=EDGE_LOOP('',(#106,#107,#108,#109));
#1496=EDGE_LOOP('',(#110,#111,#112,#113));
#1497=EDGE_LOOP('',(#114));
#1498=EDGE_LOOP('',(#115));
#1499=EDGE_LOOP('',(#116,#117,#118,#119));
#1500=EDGE_LOOP('',(#120,#121,#122,#123,#124,#125,#126,#127));
#1501=EDGE_LOOP('',(#128,#129,#130,#131));
#1502=EDGE_LOOP('',(#132,#133,#134,#135));
#1503=EDGE_LOOP('',(#136,#137,#138,#139));
#1504=EDGE_LOOP('',(#140,#141,#142,#143));
#1505=EDGE_LOOP('',(#144,#145,#146,#147));
#1506=EDGE_LOOP('',(#148,#149,#150,#151));
#1507=EDGE_LOOP('',(#152,#153,#154,#155));
#1508=EDGE_LOOP('',(#156,#157,#158,#159));
#1509=EDGE_LOOP('',(#160,#161,#162,#163));
#1510=EDGE_LOOP('',(#164,#165,#166,#167));
#1511=EDGE_LOOP('',(#168,#169,#170,#171));
#1512=EDGE_LOOP('',(#172,#173,#174,#175));
#1513=EDGE_LOOP('',(#176,#177,#178,#179));
#1514=EDGE_LOOP('',(#180,#181,#182,#183));
#1515=EDGE_LOOP('',(#184,#185,#186,#187));
#1516=EDGE_LOOP('',(#188,#189,#190,#191));
#1517=EDGE_LOOP('',(#192,#193,#194,#195));
#1518=EDGE_LOOP('',(#196,#197,#198,#199));
#1519=EDGE_LOOP('',(#200,#201,#202,#203));
#1520=EDGE_LOOP('',(#204,#205,#206,#207));
#1521=EDGE_LOOP('',(#208,#209,#210,#211));
#1522=EDGE_LOOP('',(#212,#213,#214,#215));
#1523=EDGE_LOOP('',(#216,#217,#218,#219,#220,#221,#222,#223));
#1524=EDGE_LOOP('',(#224,#225,#226,#227));
#1525=EDGE_LOOP('',(#228,#229,#230,#231));
#1526=EDGE_LOOP('',(#232,#233,#234,#235));
#1527=EDGE_LOOP('',(#236,#237,#238,#239));
#1528=EDGE_LOOP('',(#240,#241,#242,#243));
#1529=EDGE_LOOP('',(#244,#245,#246,#247));
#1530=EDGE_LOOP('',(#248,#249,#250,#251));
#1531=EDGE_LOOP('',(#252,#253,#254,#255));
#1532=EDGE_LOOP('',(#256,#257,#258,#259));
#1533=EDGE_LOOP('',(#260,#261,#262,#263));
#1534=EDGE_LOOP('',(#264,#265,#266,#267));
#1535=EDGE_LOOP('',(#268,#269,#270,#271));
#1536=EDGE_LOOP('',(#272,#273,#274,#275));
#1537=EDGE_LOOP('',(#276,#277,#278,#279));
#1538=EDGE_LOOP('',(#280,#281,#282,#283));
#1539=EDGE_LOOP('',(#284,#285,#286,#287));
#1540=EDGE_LOOP('',(#288,#289,#290,#291));
#1541=EDGE_LOOP('',(#292,#293,#294,#295,#296,#297));
#1542=EDGE_LOOP('',(#298));
#1543=EDGE_LOOP('',(#299,#300));
#1544=EDGE_LOOP('',(#301,#302,#303,#304));
#1545=EDGE_LOOP('',(#305,#306,#307,#308));
#1546=EDGE_LOOP('',(#309,#310,#311,#312));
#1547=EDGE_LOOP('',(#313,#314,#315,#316));
#1548=EDGE_LOOP('',(#317,#318,#319,#320));
#1549=EDGE_LOOP('',(#321,#322,#323,#324));
#1550=EDGE_LOOP('',(#325,#326,#327,#328));
#1551=EDGE_LOOP('',(#329,#330,#331,#332));
#1552=EDGE_LOOP('',(#333,#334,#335,#336));
#1553=EDGE_LOOP('',(#337,#338,#339,#340));
#1554=EDGE_LOOP('',(#341,#342,#343,#344));
#1555=EDGE_LOOP('',(#345,#346,#347,#348));
#1556=EDGE_LOOP('',(#349,#350,#351,#352));
#1557=EDGE_LOOP('',(#353,#354,#355,#356));
#1558=EDGE_LOOP('',(#357,#358,#359,#360));
#1559=EDGE_LOOP('',(#361,#362,#363,#364));
#1560=EDGE_LOOP('',(#365,#366,#367,#368));
#1561=EDGE_LOOP('',(#369,#370,#371,#372));
#1562=EDGE_LOOP('',(#373,#374,#375,#376));
#1563=EDGE_LOOP('',(#377,#378,#379,#380));
#1564=EDGE_LOOP('',(#381,#382,#383,#384));
#1565=EDGE_LOOP('',(#385,#386,#387,#388));
#1566=EDGE_LOOP('',(#389,#390,#391,#392));
#1567=EDGE_LOOP('',(#393,#394,#395,#396));
#1568=EDGE_LOOP('',(#397,#398,#399,#400));
#1569=EDGE_LOOP('',(#401,#402,#403,#404));
#1570=EDGE_LOOP('',(#405,#406,#407,#408));
#1571=EDGE_LOOP('',(#409,#410,#411,#412));
#1572=EDGE_LOOP('',(#413,#414,#415,#416));
#1573=EDGE_LOOP('',(#417,#418,#419,#420));
#1574=EDGE_LOOP('',(#421,#422,#423,#424));
#1575=EDGE_LOOP('',(#425,#426,#427,#428));
#1576=EDGE_LOOP('',(#429,#430,#431,#432));
#1577=EDGE_LOOP('',(#433,#434,#435,#436));
#1578=EDGE_LOOP('',(#437,#438,#439,#440));
#1579=EDGE_LOOP('',(#441,#442,#443,#444));
#1580=EDGE_LOOP('',(#445,#446,#447,#448));
#1581=EDGE_LOOP('',(#449,#450,#451,#452));
#1582=EDGE_LOOP('',(#453,#454,#455,#456));
#1583=EDGE_LOOP('',(#457,#458,#459,#460));
#1584=EDGE_LOOP('',(#461,#462,#463,#464));
#1585=EDGE_LOOP('',(#465,#466,#467,#468));
#1586=EDGE_LOOP('',(#469,#470,#471,#472));
#1587=EDGE_LOOP('',(#473,#474,#475,#476));
#1588=EDGE_LOOP('',(#477,#478,#479,#480));
#1589=EDGE_LOOP('',(#481,#482,#483,#484));
#1590=EDGE_LOOP('',(#485,#486,#487,#488));
#1591=EDGE_LOOP('',(#489,#490,#491,#492));
#1592=EDGE_LOOP('',(#493,#494,#495,#496));
#1593=EDGE_LOOP('',(#497,#498,#499,#500));
#1594=EDGE_LOOP('',(#501,#502,#503,#504,#505,#506));
#1595=EDGE_LOOP('',(#507,#508,#509,#510,#511,#512));
#1596=EDGE_LOOP('',(#513,#514));
#1597=EDGE_LOOP('',(#515,#516,#517,#518,#519,#520,#521,#522,#523,#524));
#1598=EDGE_LOOP('',(#525,#526,#527,#528));
#1599=EDGE_LOOP('',(#529,#530));
#1600=EDGE_LOOP('',(#531,#532,#533,#534));
#1601=EDGE_LOOP('',(#535,#536,#537,#538));
#1602=EDGE_LOOP('',(#539,#540,#541,#542));
#1603=EDGE_LOOP('',(#543,#544,#545,#546));
#1604=EDGE_LOOP('',(#547,#548,#549,#550,#551,#552,#553));
#1605=EDGE_LOOP('',(#554,#555,#556,#557));
#1606=EDGE_LOOP('',(#558,#559,#560,#561));
#1607=EDGE_LOOP('',(#562,#563,#564,#565));
#1608=EDGE_LOOP('',(#566));
#1609=FACE_BOUND('',#1483,.T.);
#1610=FACE_BOUND('',#1484,.T.);
#1611=FACE_BOUND('',#1485,.T.);
#1612=FACE_BOUND('',#1486,.T.);
#1613=FACE_BOUND('',#1487,.T.);
#1614=FACE_BOUND('',#1488,.T.);
#1615=FACE_BOUND('',#1489,.T.);
#1616=FACE_BOUND('',#1490,.T.);
#1617=FACE_BOUND('',#1491,.T.);
#1618=FACE_BOUND('',#1492,.T.);
#1619=FACE_BOUND('',#1493,.T.);
#1620=FACE_BOUND('',#1494,.T.);
#1621=FACE_BOUND('',#1495,.T.);
#1622=FACE_BOUND('',#1496,.T.);
#1623=FACE_BOUND('',#1497,.T.);
#1624=FACE_BOUND('',#1498,.T.);
#1625=FACE_BOUND('',#1499,.T.);
#1626=FACE_BOUND('',#1500,.T.);
#1627=FACE_BOUND('',#1501,.T.);
#1628=FACE_BOUND('',#1502,.T.);
#1629=FACE_BOUND('',#1503,.T.);
#1630=FACE_BOUND('',#1504,.T.);
#1631=FACE_BOUND('',#1505,.T.);
#1632=FACE_BOUND('',#1506,.T.);
#1633=FACE_BOUND('',#1507,.T.);
#1634=FACE_BOUND('',#1508,.T.);
#1635=FACE_BOUND('',#1509,.T.);
#1636=FACE_BOUND('',#1510,.T.);
#1637=FACE_BOUND('',#1511,.T.);
#1638=FACE_BOUND('',#1512,.T.);
#1639=FACE_BOUND('',#1513,.T.);
#1640=FACE_BOUND('',#1514,.T.);
#1641=FACE_BOUND('',#1515,.T.);
#1642=FACE_BOUND('',#1516,.T.);
#1643=FACE_BOUND('',#1517,.T.);
#1644=FACE_BOUND('',#1518,.T.);
#1645=FACE_BOUND('',#1519,.T.);
#1646=FACE_BOUND('',#1520,.T.);
#1647=FACE_BOUND('',#1521,.T.);
#1648=FACE_BOUND('',#1522,.T.);
#1649=FACE_BOUND('',#1523,.T.);
#1650=FACE_BOUND('',#1524,.T.);
#1651=FACE_BOUND('',#1525,.T.);
#1652=FACE_BOUND('',#1526,.T.);
#1653=FACE_BOUND('',#1527,.T.);
#1654=FACE_BOUND('',#1528,.T.);
#1655=FACE_BOUND('',#1529,.T.);
#1656=FACE_BOUND('',#1530,.T.);
#1657=FACE_BOUND('',#1531,.T.);
#1658=FACE_BOUND('',#1532,.T.);
#1659=FACE_BOUND('',#1533,.T.);
#1660=FACE_BOUND('',#1534,.T.);
#1661=FACE_BOUND('',#1535,.T.);
#1662=FACE_BOUND('',#1536,.T.);
#1663=FACE_BOUND('',#1537,.T.);
#1664=FACE_BOUND('',#1538,.T.);
#1665=FACE_BOUND('',#1539,.T.);
#1666=FACE_BOUND('',#1540,.T.);
#1667=FACE_BOUND('',#1541,.T.);
#1668=FACE_BOUND('',#1542,.T.);
#1669=FACE_BOUND('',#1543,.T.);
#1670=FACE_BOUND('',#1544,.T.);
#1671=FACE_BOUND('',#1545,.T.);
#1672=FACE_BOUND('',#1546,.T.);
#1673=FACE_BOUND('',#1547,.T.);
#1674=FACE_BOUND('',#1548,.T.);
#1675=FACE_BOUND('',#1549,.T.);
#1676=FACE_BOUND('',#1550,.T.);
#1677=FACE_BOUND('',#1551,.T.);
#1678=FACE_BOUND('',#1552,.T.);
#1679=FACE_BOUND('',#1553,.T.);
#1680=FACE_BOUND('',#1554,.T.);
#1681=FACE_BOUND('',#1555,.T.);
#1682=FACE_BOUND('',#1556,.T.);
#1683=FACE_BOUND('',#1557,.T.);
#1684=FACE_BOUND('',#1558,.T.);
#1685=FACE_BOUND('',#1559,.T.);
#1686=FACE_BOUND('',#1560,.T.);
#1687=FACE_BOUND('',#1561,.T.);
#1688=FACE_BOUND('',#1562,.T.);
#1689=FACE_BOUND('',#1563,.T.);
#1690=FACE_BOUND('',#1564,.T.);
#1691=FACE_BOUND('',#1565,.T.);
#1692=FACE_BOUND('',#1566,.T.);
#1693=FACE_BOUND('',#1567,.T.);
#1694=FACE_BOUND('',#1568,.T.);
#1695=FACE_BOUND('',#1569,.T.);
#1696=FACE_BOUND('',#1570,.T.);
#1697=FACE_BOUND('',#1571,.T.);
#1698=FACE_BOUND('',#1572,.T.);
#1699=FACE_BOUND('',#1573,.T.);
#1700=FACE_BOUND('',#1574,.T.);
#1701=FACE_BOUND('',#1575,.T.);
#1702=FACE_BOUND('',#1576,.T.);
#1703=FACE_BOUND('',#1577,.T.);
#1704=FACE_BOUND('',#1578,.T.);
#1705=FACE_BOUND('',#1579,.T.);
#1706=FACE_BOUND('',#1580,.T.);
#1707=FACE_BOUND('',#1581,.T.);
#1708=FACE_BOUND('',#1582,.T.);
#1709=FACE_BOUND('',#1583,.T.);
#1710=FACE_BOUND('',#1584,.T.);
#1711=FACE_BOUND('',#1585,.T.);
#1712=FACE_BOUND('',#1586,.T.);
#1713=FACE_BOUND('',#1587,.T.);
#1714=FACE_BOUND('',#1588,.T.);
#1715=FACE_BOUND('',#1589,.T.);
#1716=FACE_BOUND('',#1590,.T.);
#1717=FACE_BOUND('',#1591,.T.);
#1718=FACE_BOUND('',#1592,.T.);
#1719=FACE_BOUND('',#1593,.T.);
#1720=FACE_BOUND('',#1594,.T.);
#1721=FACE_BOUND('',#1595,.T.);
#1722=FACE_BOUND('',#1596,.T.);
#1723=FACE_BOUND('',#1597,.T.);
#1724=FACE_BOUND('',#1598,.T.);
#1725=FACE_BOUND('',#1599,.T.);
#1726=FACE_BOUND('',#1600,.T.);
#1727=FACE_BOUND('',#1601,.T.);
#1728=FACE_BOUND('',#1602,.T.);
#1729=FACE_BOUND('',#1603,.T.);
#1730=FACE_BOUND('',#1604,.T.);
#1731=FACE_BOUND('',#1605,.T.);
#1732=FACE_BOUND('',#1606,.T.);
#1733=FACE_BOUND('',#1607,.T.);
#1734=FACE_BOUND('',#1608,.T.);
#1735=PLANE('',#1951);
#1736=PLANE('',#1964);
#1737=PLANE('',#1965);
#1738=PLANE('',#1970);
#1739=PLANE('',#1971);
#1740=PLANE('',#1972);
#1741=PLANE('',#1973);
#1742=PLANE('',#1974);
#1743=PLANE('',#1975);
#1744=PLANE('',#1976);
#1745=PLANE('',#1977);
#1746=PLANE('',#1978);
#1747=PLANE('',#1979);
#1748=PLANE('',#1980);
#1749=PLANE('',#1981);
#1750=PLANE('',#1982);
#1751=PLANE('',#1983);
#1752=PLANE('',#1984);
#1753=PLANE('',#1985);
#1754=PLANE('',#1986);
#1755=PLANE('',#1987);
#1756=PLANE('',#1988);
#1757=PLANE('',#1989);
#1758=PLANE('',#1990);
#1759=PLANE('',#1991);
#1760=PLANE('',#1992);
#1761=PLANE('',#1993);
#1762=PLANE('',#1994);
#1763=PLANE('',#1995);
#1764=PLANE('',#2000);
#1765=PLANE('',#2001);
#1766=PLANE('',#2002);
#1767=PLANE('',#2003);
#1768=PLANE('',#2004);
#1769=PLANE('',#2007);
#1770=PLANE('',#2008);
#1771=PLANE('',#2009);
#1772=PLANE('',#2010);
#1773=PLANE('',#2011);
#1774=PLANE('',#2012);
#1775=PLANE('',#2013);
#1776=PLANE('',#2014);
#1777=PLANE('',#2015);
#1778=PLANE('',#2016);
#1779=PLANE('',#2017);
#1780=PLANE('',#2018);
#1781=PLANE('',#2019);
#1782=PLANE('',#2020);
#1783=PLANE('',#2021);
#1784=PLANE('',#2022);
#1785=PLANE('',#2023);
#1786=PLANE('',#2024);
#1787=PLANE('',#2025);
#1788=PLANE('',#2026);
#1789=PLANE('',#2027);
#1790=PLANE('',#2028);
#1791=PLANE('',#2029);
#1792=PLANE('',#2030);
#1793=PLANE('',#2031);
#1794=PLANE('',#2032);
#1795=PLANE('',#2033);
#1796=PLANE('',#2034);
#1797=PLANE('',#2035);
#1798=PLANE('',#2036);
#1799=PLANE('',#2037);
#1800=PLANE('',#2038);
#1801=PLANE('',#2039);
#1802=PLANE('',#2040);
#1803=PLANE('',#2041);
#1804=PLANE('',#2042);
#1805=PLANE('',#2043);
#1806=PLANE('',#2044);
#1807=PLANE('',#2045);
#1808=PLANE('',#2046);
#1809=PLANE('',#2047);
#1810=PLANE('',#2048);
#1811=PLANE('',#2049);
#1812=PLANE('',#2050);
#1813=PLANE('',#2051);
#1814=PLANE('',#2052);
#1815=PLANE('',#2053);
#1816=PLANE('',#2054);
#1817=PLANE('',#2055);
#1818=PLANE('',#2056);
#1819=PLANE('',#2057);
#1820=PLANE('',#2062);
#1821=PLANE('',#2066);
#1822=PLANE('',#2067);
#1823=PLANE('',#2068);
#1824=PLANE('',#2069);
#1825=PLANE('',#2070);
#1826=PLANE('',#2071);
#1827=PLANE('',#2072);
#1828=PLANE('',#2073);
#1829=PLANE('',#2074);
#1830=PLANE('',#2075);
#1831=PLANE('',#2076);
#1832=ADVANCED_FACE('',(#1609,#1610,#1611,#1612,#1613,#1614,#1615,#1616,
#1617,#1618,#1619,#1620,#1621,#1622),#1735,.T.);
#1833=ADVANCED_FACE('',(#1623,#1624),#14,.T.);
#1834=ADVANCED_FACE('',(#1625),#1736,.F.);
#1835=ADVANCED_FACE('',(#1626,#1627),#1737,.F.);
#1836=ADVANCED_FACE('',(#1628),#1738,.T.);
#1837=ADVANCED_FACE('',(#1629),#1739,.F.);
#1838=ADVANCED_FACE('',(#1630),#1740,.F.);
#1839=ADVANCED_FACE('',(#1631),#1741,.T.);
#1840=ADVANCED_FACE('',(#1632),#1742,.T.);
#1841=ADVANCED_FACE('',(#1633),#1743,.F.);
#1842=ADVANCED_FACE('',(#1634),#1744,.F.);
#1843=ADVANCED_FACE('',(#1635),#1745,.T.);
#1844=ADVANCED_FACE('',(#1636),#1746,.T.);
#1845=ADVANCED_FACE('',(#1637),#1747,.F.);
#1846=ADVANCED_FACE('',(#1638),#1748,.T.);
#1847=ADVANCED_FACE('',(#1639),#1749,.T.);
#1848=ADVANCED_FACE('',(#1640),#1750,.F.);
#1849=ADVANCED_FACE('',(#1641),#1751,.F.);
#1850=ADVANCED_FACE('',(#1642),#1752,.T.);
#1851=ADVANCED_FACE('',(#1643),#1753,.T.);
#1852=ADVANCED_FACE('',(#1644),#1754,.F.);
#1853=ADVANCED_FACE('',(#1645),#1755,.F.);
#1854=ADVANCED_FACE('',(#1646),#1756,.T.);
#1855=ADVANCED_FACE('',(#1647),#1757,.T.);
#1856=ADVANCED_FACE('',(#1648,#1649,#1650),#1758,.T.);
#1857=ADVANCED_FACE('',(#1651),#1759,.T.);
#1858=ADVANCED_FACE('',(#1652),#1760,.F.);
#1859=ADVANCED_FACE('',(#1653),#1761,.F.);
#1860=ADVANCED_FACE('',(#1654),#1762,.T.);
#1861=ADVANCED_FACE('',(#1655,#1656),#1763,.T.);
#1862=ADVANCED_FACE('',(#1657),#15,.T.);
#1863=ADVANCED_FACE('',(#1658),#16,.T.);
#1864=ADVANCED_FACE('',(#1659),#17,.T.);
#1865=ADVANCED_FACE('',(#1660),#18,.T.);
#1866=ADVANCED_FACE('',(#1661),#1764,.T.);
#1867=ADVANCED_FACE('',(#1662),#1765,.F.);
#1868=ADVANCED_FACE('',(#1663),#1766,.F.);
#1869=ADVANCED_FACE('',(#1664),#1767,.T.);
#1870=ADVANCED_FACE('',(#1665,#1666),#1768,.T.);
#1871=ADVANCED_FACE('',(#1667),#19,.F.);
#1872=ADVANCED_FACE('',(#1668,#1669),#1769,.T.);
#1873=ADVANCED_FACE('',(#1670),#1770,.F.);
#1874=ADVANCED_FACE('',(#1671),#1771,.F.);
#1875=ADVANCED_FACE('',(#1672),#1772,.F.);
#1876=ADVANCED_FACE('',(#1673),#1773,.F.);
#1877=ADVANCED_FACE('',(#1674),#1774,.T.);
#1878=ADVANCED_FACE('',(#1675),#1775,.T.);
#1879=ADVANCED_FACE('',(#1676),#1776,.T.);
#1880=ADVANCED_FACE('',(#1677),#1777,.T.);
#1881=ADVANCED_FACE('',(#1678),#1778,.T.);
#1882=ADVANCED_FACE('',(#1679),#1779,.T.);
#1883=ADVANCED_FACE('',(#1680),#1780,.T.);
#1884=ADVANCED_FACE('',(#1681),#1781,.T.);
#1885=ADVANCED_FACE('',(#1682),#1782,.T.);
#1886=ADVANCED_FACE('',(#1683),#1783,.T.);
#1887=ADVANCED_FACE('',(#1684),#1784,.T.);
#1888=ADVANCED_FACE('',(#1685),#1785,.F.);
#1889=ADVANCED_FACE('',(#1686),#1786,.F.);
#1890=ADVANCED_FACE('',(#1687),#1787,.F.);
#1891=ADVANCED_FACE('',(#1688),#1788,.F.);
#1892=ADVANCED_FACE('',(#1689),#1789,.T.);
#1893=ADVANCED_FACE('',(#1690),#1790,.T.);
#1894=ADVANCED_FACE('',(#1691),#1791,.T.);
#1895=ADVANCED_FACE('',(#1692),#1792,.T.);
#1896=ADVANCED_FACE('',(#1693),#1793,.T.);
#1897=ADVANCED_FACE('',(#1694),#1794,.T.);
#1898=ADVANCED_FACE('',(#1695),#1795,.T.);
#1899=ADVANCED_FACE('',(#1696),#1796,.T.);
#1900=ADVANCED_FACE('',(#1697),#1797,.T.);
#1901=ADVANCED_FACE('',(#1698),#1798,.T.);
#1902=ADVANCED_FACE('',(#1699),#1799,.T.);
#1903=ADVANCED_FACE('',(#1700),#1800,.T.);
#1904=ADVANCED_FACE('',(#1701),#1801,.T.);
#1905=ADVANCED_FACE('',(#1702),#1802,.T.);
#1906=ADVANCED_FACE('',(#1703),#1803,.T.);
#1907=ADVANCED_FACE('',(#1704),#1804,.T.);
#1908=ADVANCED_FACE('',(#1705),#1805,.T.);
#1909=ADVANCED_FACE('',(#1706),#1806,.T.);
#1910=ADVANCED_FACE('',(#1707),#1807,.T.);
#1911=ADVANCED_FACE('',(#1708),#1808,.T.);
#1912=ADVANCED_FACE('',(#1709),#1809,.T.);
#1913=ADVANCED_FACE('',(#1710),#1810,.F.);
#1914=ADVANCED_FACE('',(#1711),#1811,.F.);
#1915=ADVANCED_FACE('',(#1712),#1812,.F.);
#1916=ADVANCED_FACE('',(#1713),#1813,.F.);
#1917=ADVANCED_FACE('',(#1714),#1814,.T.);
#1918=ADVANCED_FACE('',(#1715),#1815,.F.);
#1919=ADVANCED_FACE('',(#1716),#1816,.F.);
#1920=ADVANCED_FACE('',(#1717),#1817,.F.);
#1921=ADVANCED_FACE('',(#1718),#1818,.F.);
#1922=ADVANCED_FACE('',(#1719),#1819,.T.);
#1923=ADVANCED_FACE('',(#1720),#12,.F.);
#1924=ADVANCED_FACE('',(#1721),#13,.F.);
#1925=ADVANCED_FACE('',(#1722),#1820,.T.);
#1926=ADVANCED_FACE('',(#1723),#20,.F.);
#1927=ADVANCED_FACE('',(#1724),#1821,.F.);
#1928=ADVANCED_FACE('',(#1725),#1822,.T.);
#1929=ADVANCED_FACE('',(#1726),#1823,.T.);
#1930=ADVANCED_FACE('',(#1727),#1824,.T.);
#1931=ADVANCED_FACE('',(#1728),#1825,.T.);
#1932=ADVANCED_FACE('',(#1729),#1826,.T.);
#1933=ADVANCED_FACE('',(#1730),#1827,.T.);
#1934=ADVANCED_FACE('',(#1731),#1828,.F.);
#1935=ADVANCED_FACE('',(#1732),#1829,.F.);
#1936=ADVANCED_FACE('',(#1733),#1830,.F.);
#1937=ADVANCED_FACE('',(#1734),#1831,.T.);
#1938=CLOSED_SHELL('',(#1832,#1833,#1834,#1835,#1836,#1837,#1838,#1839,
#1840,#1841,#1842,#1843,#1844,#1845,#1846,#1847,#1848,#1849,#1850,#1851,
#1852,#1853,#1854,#1855,#1856,#1857,#1858,#1859,#1860,#1861,#1862,#1863,
#1864,#1865,#1866,#1867,#1868,#1869,#1870,#1871,#1872,#1873,#1874,#1875,
#1876,#1877,#1878,#1879,#1880,#1881,#1882,#1883,#1884,#1885,#1886,#1887,
#1888,#1889,#1890,#1891,#1892,#1893,#1894,#1895,#1896,#1897,#1898,#1899,
#1900,#1901,#1902,#1903,#1904,#1905,#1906,#1907,#1908,#1909,#1910,#1911,
#1912,#1913,#1914,#1915,#1916,#1917,#1918,#1919,#1920,#1921,#1922,#1923,
#1924,#1925,#1926,#1927,#1928,#1929,#1930,#1931,#1932,#1933,#1934,#1935,
#1936,#1937));
#1939=STYLED_ITEM('',(#1940),#1947);
#1940=PRESENTATION_STYLE_ASSIGNMENT((#1941));
#1941=SURFACE_STYLE_USAGE(.BOTH.,#1942);
#1942=SURFACE_SIDE_STYLE('',(#1943));
#1943=SURFACE_STYLE_FILL_AREA(#1944);
#1944=FILL_AREA_STYLE('',(#1945));
#1945=FILL_AREA_STYLE_COLOUR('',#1946);
#1946=COLOUR_RGB('',0.647058823529412,0.647058823529412,0.647058823529412);
#1947=MANIFOLD_SOLID_BREP('Case Top',#1938);
#1948=SHAPE_DEFINITION_REPRESENTATION(#3162,#1949);
#1949=SHAPE_REPRESENTATION('Case Top',(#1950),#3157);
#1950=AXIS2_PLACEMENT_3D('',#2571,#2077,#2078);
#1951=AXIS2_PLACEMENT_3D('',#2572,#2079,#2080);
#1952=AXIS2_PLACEMENT_3D('',#2576,#2082,#2083);
#1953=AXIS2_PLACEMENT_3D('',#2584,#2087,#2088);
#1954=AXIS2_PLACEMENT_3D('',#2588,#2090,#2091);
#1955=AXIS2_PLACEMENT_3D('',#2590,#2092,#2093);
#1956=AXIS2_PLACEMENT_3D('',#2594,#2095,#2096);
#1957=AXIS2_PLACEMENT_3D('',#2630,#2114,#2115);
#1958=AXIS2_PLACEMENT_3D('',#2634,#2117,#2118);
#1959=AXIS2_PLACEMENT_3D('',#2638,#2120,#2121);
#1960=AXIS2_PLACEMENT_3D('',#2642,#2123,#2124);
#1961=AXIS2_PLACEMENT_3D('',#2715,#2161,#2162);
#1962=AXIS2_PLACEMENT_3D('',#2716,#2163,#2164);
#1963=AXIS2_PLACEMENT_3D('',#2718,#2165,#2166);
#1964=AXIS2_PLACEMENT_3D('',#2720,#2167,#2168);
#1965=AXIS2_PLACEMENT_3D('',#2729,#2173,#2174);
#1966=AXIS2_PLACEMENT_3D('',#2733,#2176,#2177);
#1967=AXIS2_PLACEMENT_3D('',#2737,#2179,#2180);
#1968=AXIS2_PLACEMENT_3D('',#2741,#2182,#2183);
#1969=AXIS2_PLACEMENT_3D('',#2745,#2185,#2186);
#1970=AXIS2_PLACEMENT_3D('',#2754,#2191,#2192);
#1971=AXIS2_PLACEMENT_3D('',#2763,#2197,#2198);
#1972=AXIS2_PLACEMENT_3D('',#2769,#2202,#2203);
#1973=AXIS2_PLACEMENT_3D('',#2775,#2207,#2208);
#1974=AXIS2_PLACEMENT_3D('',#2778,#2211,#2212);
#1975=AXIS2_PLACEMENT_3D('',#2784,#2216,#2217);
#1976=AXIS2_PLACEMENT_3D('',#2788,#2220,#2221);
#1977=AXIS2_PLACEMENT_3D('',#2792,#2224,#2225);
#1978=AXIS2_PLACEMENT_3D('',#2794,#2227,#2228);
#1979=AXIS2_PLACEMENT_3D('',#2800,#2232,#2233);
#1980=AXIS2_PLACEMENT_3D('',#2804,#2236,#2237);
#1981=AXIS2_PLACEMENT_3D('',#2810,#2241,#2242);
#1982=AXIS2_PLACEMENT_3D('',#2814,#2245,#2246);
#1983=AXIS2_PLACEMENT_3D('',#2818,#2249,#2250);
#1984=AXIS2_PLACEMENT_3D('',#2822,#2253,#2254);
#1985=AXIS2_PLACEMENT_3D('',#2824,#2256,#2257);
#1986=AXIS2_PLACEMENT_3D('',#2827,#2260,#2261);
#1987=AXIS2_PLACEMENT_3D('',#2830,#2264,#2265);
#1988=AXIS2_PLACEMENT_3D('',#2833,#2268,#2269);
#1989=AXIS2_PLACEMENT_3D('',#2836,#2272,#2273);
#1990=AXIS2_PLACEMENT_3D('',#2838,#2275,#2276);
#1991=AXIS2_PLACEMENT_3D('',#2847,#2281,#2282);
#1992=AXIS2_PLACEMENT_3D('',#2853,#2286,#2287);
#1993=AXIS2_PLACEMENT_3D('',#2857,#2290,#2291);
#1994=AXIS2_PLACEMENT_3D('',#2861,#2294,#2295);
#1995=AXIS2_PLACEMENT_3D('',#2863,#2297,#2298);
#1996=AXIS2_PLACEMENT_3D('',#2864,#2299,#2300);
#1997=AXIS2_PLACEMENT_3D('',#2865,#2301,#2302);
#1998=AXIS2_PLACEMENT_3D('',#2866,#2303,#2304);
#1999=AXIS2_PLACEMENT_3D('',#2867,#2305,#2306);
#2000=AXIS2_PLACEMENT_3D('',#2868,#2307,#2308);
#2001=AXIS2_PLACEMENT_3D('',#2874,#2312,#2313);
#2002=AXIS2_PLACEMENT_3D('',#2878,#2316,#2317);
#2003=AXIS2_PLACEMENT_3D('',#2882,#2320,#2321);
#2004=AXIS2_PLACEMENT_3D('',#2884,#2323,#2324);
#2005=AXIS2_PLACEMENT_3D('',#2885,#2325,#2326);
#2006=AXIS2_PLACEMENT_3D('',#2888,#2329,#2330);
#2007=AXIS2_PLACEMENT_3D('',#2889,#2331,#2332);
#2008=AXIS2_PLACEMENT_3D('',#2890,#2333,#2334);
#2009=AXIS2_PLACEMENT_3D('',#2896,#2338,#2339);
#2010=AXIS2_PLACEMENT_3D('',#2900,#2342,#2343);
#2011=AXIS2_PLACEMENT_3D('',#2904,#2346,#2347);
#2012=AXIS2_PLACEMENT_3D('',#2906,#2349,#2350);
#2013=AXIS2_PLACEMENT_3D('',#2907,#2351,#2352);
#2014=AXIS2_PLACEMENT_3D('',#2913,#2356,#2357);
#2015=AXIS2_PLACEMENT_3D('',#2917,#2360,#2361);
#2016=AXIS2_PLACEMENT_3D('',#2921,#2364,#2365);
#2017=AXIS2_PLACEMENT_3D('',#2923,#2367,#2368);
#2018=AXIS2_PLACEMENT_3D('',#2924,#2369,#2370);
#2019=AXIS2_PLACEMENT_3D('',#2930,#2374,#2375);
#2020=AXIS2_PLACEMENT_3D('',#2934,#2378,#2379);
#2021=AXIS2_PLACEMENT_3D('',#2938,#2382,#2383);
#2022=AXIS2_PLACEMENT_3D('',#2940,#2385,#2386);
#2023=AXIS2_PLACEMENT_3D('',#2941,#2387,#2388);
#2024=AXIS2_PLACEMENT_3D('',#2947,#2392,#2393);
#2025=AXIS2_PLACEMENT_3D('',#2951,#2396,#2397);
#2026=AXIS2_PLACEMENT_3D('',#2955,#2400,#2401);
#2027=AXIS2_PLACEMENT_3D('',#2957,#2403,#2404);
#2028=AXIS2_PLACEMENT_3D('',#2958,#2405,#2406);
#2029=AXIS2_PLACEMENT_3D('',#2964,#2410,#2411);
#2030=AXIS2_PLACEMENT_3D('',#2968,#2414,#2415);
#2031=AXIS2_PLACEMENT_3D('',#2972,#2418,#2419);
#2032=AXIS2_PLACEMENT_3D('',#2974,#2421,#2422);
#2033=AXIS2_PLACEMENT_3D('',#2975,#2423,#2424);
#2034=AXIS2_PLACEMENT_3D('',#2981,#2428,#2429);
#2035=AXIS2_PLACEMENT_3D('',#2985,#2432,#2433);
#2036=AXIS2_PLACEMENT_3D('',#2989,#2436,#2437);
#2037=AXIS2_PLACEMENT_3D('',#2991,#2439,#2440);
#2038=AXIS2_PLACEMENT_3D('',#2992,#2441,#2442);
#2039=AXIS2_PLACEMENT_3D('',#2998,#2446,#2447);
#2040=AXIS2_PLACEMENT_3D('',#3002,#2450,#2451);
#2041=AXIS2_PLACEMENT_3D('',#3006,#2454,#2455);
#2042=AXIS2_PLACEMENT_3D('',#3008,#2457,#2458);
#2043=AXIS2_PLACEMENT_3D('',#3009,#2459,#2460);
#2044=AXIS2_PLACEMENT_3D('',#3015,#2464,#2465);
#2045=AXIS2_PLACEMENT_3D('',#3019,#2468,#2469);
#2046=AXIS2_PLACEMENT_3D('',#3023,#2472,#2473);
#2047=AXIS2_PLACEMENT_3D('',#3025,#2475,#2476);
#2048=AXIS2_PLACEMENT_3D('',#3026,#2477,#2478);
#2049=AXIS2_PLACEMENT_3D('',#3032,#2482,#2483);
#2050=AXIS2_PLACEMENT_3D('',#3036,#2486,#2487);
#2051=AXIS2_PLACEMENT_3D('',#3040,#2490,#2491);
#2052=AXIS2_PLACEMENT_3D('',#3042,#2493,#2494);
#2053=AXIS2_PLACEMENT_3D('',#3043,#2495,#2496);
#2054=AXIS2_PLACEMENT_3D('',#3049,#2500,#2501);
#2055=AXIS2_PLACEMENT_3D('',#3053,#2504,#2505);
#2056=AXIS2_PLACEMENT_3D('',#3057,#2508,#2509);
#2057=AXIS2_PLACEMENT_3D('',#3059,#2511,#2512);
#2058=AXIS2_PLACEMENT_3D('',#3082,#2513,#2514);
#2059=AXIS2_PLACEMENT_3D('',#3088,#2517,#2518);
#2060=AXIS2_PLACEMENT_3D('',#3115,#2521,#2522);
#2061=AXIS2_PLACEMENT_3D('',#3116,#2523,#2524);
#2062=AXIS2_PLACEMENT_3D('',#3117,#2525,#2526);
#2063=AXIS2_PLACEMENT_3D('',#3118,#2527,#2528);
#2064=AXIS2_PLACEMENT_3D('',#3119,#2529,#2530);
#2065=AXIS2_PLACEMENT_3D('',#3127,#2534,#2535);
#2066=AXIS2_PLACEMENT_3D('',#3133,#2539,#2540);
#2067=AXIS2_PLACEMENT_3D('',#3136,#2543,#2544);
#2068=AXIS2_PLACEMENT_3D('',#3137,#2545,#2546);
#2069=AXIS2_PLACEMENT_3D('',#3141,#2549,#2550);
#2070=AXIS2_PLACEMENT_3D('',#3145,#2553,#2554);
#2071=AXIS2_PLACEMENT_3D('',#3147,#2556,#2557);
#2072=AXIS2_PLACEMENT_3D('',#3148,#2558,#2559);
#2073=AXIS2_PLACEMENT_3D('',#3152,#2563,#2564);
#2074=AXIS2_PLACEMENT_3D('',#3153,#2565,#2566);
#2075=AXIS2_PLACEMENT_3D('',#3154,#2567,#2568);
#2076=AXIS2_PLACEMENT_3D('',#3155,#2569,#2570);
#2077=DIRECTION('',(0.,0.,1.));
#2078=DIRECTION('',(1.,0.,0.));
#2079=DIRECTION('',(0.,0.,1.));
#2080=DIRECTION('',(1.,0.,0.));
#2081=DIRECTION('',(0.562273528818955,0.826951315852076,0.));
#2082=DIRECTION('',(0.,0.,1.));
#2083=DIRECTION('',(1.,0.,0.));
#2084=DIRECTION('',(-0.621910441587715,-0.783088374734406,0.));
#2085=DIRECTION('',(-0.783088374734406,0.621910441587715,0.));
#2086=DIRECTION('',(0.621910441587715,0.783088374734406,0.));
#2087=DIRECTION('',(0.,0.,1.));
#2088=DIRECTION('',(1.,0.,0.));
#2089=DIRECTION('',(-0.562273528818955,-0.826951315852076,0.));
#2090=DIRECTION('',(0.,0.,1.));
#2091=DIRECTION('',(1.,2.4980018054066E-16,0.));
#2092=DIRECTION('',(0.,0.,1.));
#2093=DIRECTION('',(6.12323399573677E-17,-1.,0.));
#2094=DIRECTION('',(-0.562273528818955,-0.826951315852076,0.));
#2095=DIRECTION('',(0.,0.,1.));
#2096=DIRECTION('',(1.,0.,0.));
#2097=DIRECTION('',(-0.899723305241336,0.436460735926618,0.));
#2098=DIRECTION('',(0.436460735926612,0.89972330524134,0.));
#2099=DIRECTION('',(0.899723305241338,-0.436460735926615,0.));
#2100=DIRECTION('',(-0.436460735926617,-0.899723305241337,0.));
#2101=DIRECTION('',(-0.771046125801251,0.636779296057026,0.));
#2102=DIRECTION('',(0.636779296057027,0.77104612580125,0.));
#2103=DIRECTION('',(0.771046125801251,-0.636779296057026,0.));
#2104=DIRECTION('',(-0.636779296057025,-0.771046125801252,0.));
#2105=DIRECTION('',(-0.683655914379029,-0.729804488020301,0.));
#2106=DIRECTION('',(-0.729804488020305,0.683655914379024,0.));
#2107=DIRECTION('',(0.683655914379029,0.729804488020301,0.));
#2108=DIRECTION('',(0.729804488020303,-0.683655914379027,0.));
#2109=DIRECTION('',(0.440884527122035,-0.897563832685108,0.));
#2110=DIRECTION('',(-0.897563832685109,-0.440884527122031,0.));
#2111=DIRECTION('',(-0.440884527122035,0.897563832685108,0.));
#2112=DIRECTION('',(0.897563832685105,0.44088452712204,0.));
#2113=DIRECTION('',(0.,1.,0.));
#2114=DIRECTION('',(0.,0.,1.));
#2115=DIRECTION('',(1.,0.,0.));
#2116=DIRECTION('',(-1.,0.,0.));
#2117=DIRECTION('',(0.,0.,1.));
#2118=DIRECTION('',(1.,0.,0.));
#2119=DIRECTION('',(0.,1.,0.));
#2120=DIRECTION('',(0.,0.,1.));
#2121=DIRECTION('',(1.,0.,0.));
#2122=DIRECTION('',(-1.,0.,0.));
#2123=DIRECTION('',(0.,0.,1.));
#2124=DIRECTION('',(1.,0.,0.));
#2125=DIRECTION('',(-6.93889390390723E-17,-1.,0.));
#2126=DIRECTION('',(-1.,0.,0.));
#2127=DIRECTION('',(0.,-1.,0.));
#2128=DIRECTION('',(-1.,0.,0.));
#2129=DIRECTION('',(-7.2280144832367E-17,-1.,0.));
#2130=DIRECTION('',(-1.,0.,0.));
#2131=DIRECTION('',(0.,-1.,0.));
#2132=DIRECTION('',(-1.,0.,0.));
#2133=DIRECTION('',(0.,-1.,0.));
#2134=DIRECTION('',(-1.,0.,0.));
#2135=DIRECTION('',(0.,-1.,0.));
#2136=DIRECTION('',(-1.,0.,0.));
#2137=DIRECTION('',(0.,-1.,0.));
#2138=DIRECTION('',(-1.,0.,0.));
#2139=DIRECTION('',(0.,1.,0.));
#2140=DIRECTION('',(1.,0.,0.));
#2141=DIRECTION('',(-0.588159530268129,-0.808744933186462,0.));
#2142=DIRECTION('',(-0.808744933186462,0.588159530268129,0.));
#2143=DIRECTION('',(0.588159530268129,0.808744933186462,0.));
#2144=DIRECTION('',(0.808744933186465,-0.588159530268124,0.));
#2145=DIRECTION('',(-0.462668778887042,0.886531218312798,0.));
#2146=DIRECTION('',(0.8865312183128,0.462668778887037,0.));
#2147=DIRECTION('',(0.462668778887042,-0.886531218312798,0.));
#2148=DIRECTION('',(-0.8865312183128,-0.462668778887037,0.));
#2149=DIRECTION('',(0.886489634256072,0.462748450409653,0.));
#2150=DIRECTION('',(0.462748450409652,-0.886489634256073,0.));
#2151=DIRECTION('',(-0.886489634256072,-0.462748450409653,0.));
#2152=DIRECTION('',(-0.462748450409652,0.886489634256073,0.));
#2153=DIRECTION('',(0.436460735926617,0.899723305241337,0.));
#2154=DIRECTION('',(0.899723305241334,-0.436460735926622,0.));
#2155=DIRECTION('',(-0.436460735926617,-0.899723305241337,0.));
#2156=DIRECTION('',(-0.899723305241338,0.436460735926614,0.));
#2157=DIRECTION('',(-3.46944695195372E-16,1.,0.));
#2158=DIRECTION('',(1.,0.,0.));
#2159=DIRECTION('',(0.,-1.,0.));
#2160=DIRECTION('',(-1.,0.,0.));
#2161=DIRECTION('',(0.,0.,1.));
#2162=DIRECTION('',(1.,0.,0.));
#2163=DIRECTION('',(0.,0.,1.));
#2164=DIRECTION('',(1.,0.,0.));
#2165=DIRECTION('',(0.,0.,1.));
#2166=DIRECTION('',(1.,0.,0.));
#2167=DIRECTION('',(-0.562273528818953,-0.826951315852077,0.));
#2168=DIRECTION('',(0.826951315852077,-0.562273528818953,0.));
#2169=DIRECTION('',(-0.826951315852077,0.562273528818953,0.));
#2170=DIRECTION('',(0.,0.,1.));
#2171=DIRECTION('',(0.826951315852077,-0.562273528818953,0.));
#2172=DIRECTION('',(0.,0.,1.));
#2173=DIRECTION('',(0.,0.,1.));
#2174=DIRECTION('',(1.,0.,0.));
#2175=DIRECTION('',(-1.,0.,0.));
#2176=DIRECTION('',(0.,0.,1.));
#2177=DIRECTION('',(1.,0.,0.));
#2178=DIRECTION('',(0.,1.,0.));
#2179=DIRECTION('',(0.,0.,1.));
#2180=DIRECTION('',(1.,0.,0.));
#2181=DIRECTION('',(-1.,0.,0.));
#2182=DIRECTION('',(0.,0.,1.));
#2183=DIRECTION('',(1.,0.,0.));
#2184=DIRECTION('',(0.,1.,0.));
#2185=DIRECTION('',(0.,0.,1.));
#2186=DIRECTION('',(1.,0.,0.));
#2187=DIRECTION('',(1.,0.,0.));
#2188=DIRECTION('',(6.01141798605824E-17,1.,0.));
#2189=DIRECTION('',(1.,0.,0.));
#2190=DIRECTION('',(0.,1.,0.));
#2191=DIRECTION('',(0.,1.,0.));
#2192=DIRECTION('',(0.,0.,1.));
#2193=DIRECTION('',(0.,0.,-1.));
#2194=DIRECTION('',(1.,0.,0.));
#2195=DIRECTION('',(0.,0.,-1.));
#2196=DIRECTION('',(1.,0.,0.));
#2197=DIRECTION('',(-1.,0.,0.));
#2198=DIRECTION('',(0.,0.,1.));
#2199=DIRECTION('',(0.,1.,0.));
#2200=DIRECTION('',(0.,0.,-1.));
#2201=DIRECTION('',(0.,1.,0.));
#2202=DIRECTION('',(0.,1.,0.));
#2203=DIRECTION('',(0.,0.,1.));
#2204=DIRECTION('',(1.,0.,0.));
#2205=DIRECTION('',(0.,0.,-1.));
#2206=DIRECTION('',(1.,0.,0.));
#2207=DIRECTION('',(-1.,6.13286077365538E-17,0.));
#2208=DIRECTION('',(-6.13286077365538E-17,-1.,0.));
#2209=DIRECTION('',(6.13286077365538E-17,1.,0.));
#2210=DIRECTION('',(6.13286077365538E-17,1.,0.));
#2211=DIRECTION('',(0.,1.,0.));
#2212=DIRECTION('',(0.,0.,1.));
#2213=DIRECTION('',(0.,0.,-1.));
#2214=DIRECTION('',(1.,0.,0.));
#2215=DIRECTION('',(0.,0.,-1.));
#2216=DIRECTION('',(-1.,0.,0.));
#2217=DIRECTION('',(0.,0.,1.));
#2218=DIRECTION('',(0.,1.,0.));
#2219=DIRECTION('',(0.,0.,-1.));
#2220=DIRECTION('',(0.,1.,0.));
#2221=DIRECTION('',(0.,0.,1.));
#2222=DIRECTION('',(1.,0.,0.));
#2223=DIRECTION('',(0.,0.,-1.));
#2224=DIRECTION('',(-1.,6.93889390390723E-17,0.));
#2225=DIRECTION('',(-6.93889390390723E-17,-1.,0.));
#2226=DIRECTION('',(6.93889390390723E-17,1.,0.));
#2227=DIRECTION('',(0.,1.,0.));
#2228=DIRECTION('',(0.,0.,1.));
#2229=DIRECTION('',(0.,0.,-1.));
#2230=DIRECTION('',(1.,0.,0.));
#2231=DIRECTION('',(0.,0.,-1.));
#2232=DIRECTION('',(-1.,0.,0.));
#2233=DIRECTION('',(0.,0.,1.));
#2234=DIRECTION('',(0.,1.,0.));
#2235=DIRECTION('',(0.,0.,-1.));
#2236=DIRECTION('',(-1.,0.,0.));
#2237=DIRECTION('',(0.,0.,1.));
#2238=DIRECTION('',(0.,0.,-1.));
#2239=DIRECTION('',(0.,1.,0.));
#2240=DIRECTION('',(0.,0.,-1.));
#2241=DIRECTION('',(0.,1.,0.));
#2242=DIRECTION('',(0.,0.,1.));
#2243=DIRECTION('',(1.,0.,0.));
#2244=DIRECTION('',(0.,0.,-1.));
#2245=DIRECTION('',(-1.,0.,0.));
#2246=DIRECTION('',(0.,0.,1.));
#2247=DIRECTION('',(0.,1.,0.));
#2248=DIRECTION('',(0.,0.,-1.));
#2249=DIRECTION('',(0.,1.,0.));
#2250=DIRECTION('',(0.,0.,1.));
#2251=DIRECTION('',(1.,0.,0.));
#2252=DIRECTION('',(0.,0.,-1.));
#2253=DIRECTION('',(-1.,7.2280144832367E-17,0.));
#2254=DIRECTION('',(-7.2280144832367E-17,-1.,0.));
#2255=DIRECTION('',(7.2280144832367E-17,1.,0.));
#2256=DIRECTION('',(0.,-1.,0.));
#2257=DIRECTION('',(0.,0.,-1.));
#2258=DIRECTION('',(0.,0.,-1.));
#2259=DIRECTION('',(0.,0.,-1.));
#2260=DIRECTION('',(-1.,0.,0.));
#2261=DIRECTION('',(0.,0.,1.));
#2262=DIRECTION('',(0.,0.,-1.));
#2263=DIRECTION('',(0.,0.,-1.));
#2264=DIRECTION('',(0.,-1.,0.));
#2265=DIRECTION('',(0.,0.,-1.));
#2266=DIRECTION('',(0.,0.,-1.));
#2267=DIRECTION('',(0.,0.,-1.));
#2268=DIRECTION('',(-1.,0.,0.));
#2269=DIRECTION('',(0.,0.,1.));
#2270=DIRECTION('',(0.,0.,-1.));
#2271=DIRECTION('',(0.,0.,-1.));
#2272=DIRECTION('',(0.,1.,0.));
#2273=DIRECTION('',(0.,0.,1.));
#2274=DIRECTION('',(1.,0.,0.));
#2275=DIRECTION('',(0.,0.,-1.));
#2276=DIRECTION('',(1.,0.,0.));
#2277=DIRECTION('',(1.,0.,0.));
#2278=DIRECTION('',(0.,1.,0.));
#2279=DIRECTION('',(1.,0.,0.));
#2280=DIRECTION('',(0.,1.,0.));
#2281=DIRECTION('',(0.,1.,0.));
#2282=DIRECTION('',(0.,0.,1.));
#2283=DIRECTION('',(0.,0.,-1.));
#2284=DIRECTION('',(1.,0.,0.));
#2285=DIRECTION('',(0.,0.,-1.));
#2286=DIRECTION('',(-1.,0.,0.));
#2287=DIRECTION('',(0.,0.,1.));
#2288=DIRECTION('',(0.,0.,-1.));
#2289=DIRECTION('',(0.,1.,0.));
#2290=DIRECTION('',(0.,1.,0.));
#2291=DIRECTION('',(0.,0.,1.));
#2292=DIRECTION('',(0.,0.,-1.));
#2293=DIRECTION('',(1.,0.,0.));
#2294=DIRECTION('',(-1.,6.01141798605824E-17,0.));
#2295=DIRECTION('',(-6.01141798605824E-17,-1.,0.));
#2296=DIRECTION('',(6.01141798605824E-17,1.,0.));
#2297=DIRECTION('',(0.,0.,-1.));
#2298=DIRECTION('',(1.,0.,0.));
#2299=DIRECTION('',(0.,0.,-1.));
#2300=DIRECTION('',(-1.,0.,0.));
#2301=DIRECTION('',(0.,0.,1.));
#2302=DIRECTION('',(1.,0.,0.));
#2303=DIRECTION('',(0.,0.,-1.));
#2304=DIRECTION('',(-1.,0.,0.));
#2305=DIRECTION('',(0.,0.,1.));
#2306=DIRECTION('',(1.,0.,0.));
#2307=DIRECTION('',(0.,-1.,0.));
#2308=DIRECTION('',(0.,0.,-1.));
#2309=DIRECTION('',(0.,0.,1.));
#2310=DIRECTION('',(1.,0.,0.));
#2311=DIRECTION('',(0.,0.,1.));
#2312=DIRECTION('',(1.,0.,0.));
#2313=DIRECTION('',(0.,0.,-1.));
#2314=DIRECTION('',(0.,0.,1.));
#2315=DIRECTION('',(0.,1.,0.));
#2316=DIRECTION('',(0.,-1.,0.));
#2317=DIRECTION('',(0.,0.,-1.));
#2318=DIRECTION('',(0.,0.,1.));
#2319=DIRECTION('',(1.,0.,0.));
#2320=DIRECTION('',(1.,0.,0.));
#2321=DIRECTION('',(0.,0.,-1.));
#2322=DIRECTION('',(0.,1.,0.));
#2323=DIRECTION('',(0.,0.,-1.));
#2324=DIRECTION('',(1.,0.,0.));
#2325=DIRECTION('',(0.,0.,1.));
#2326=DIRECTION('',(1.,0.,0.));
#2327=DIRECTION('',(0.,0.,1.));
#2328=DIRECTION('',(0.,0.,1.));
#2329=DIRECTION('',(0.,0.,1.));
#2330=DIRECTION('',(1.,0.,0.));
#2331=DIRECTION('',(0.,0.,1.));
#2332=DIRECTION('',(1.,0.,0.));
#2333=DIRECTION('',(-0.897563832685108,-0.440884527122035,0.));
#2334=DIRECTION('',(0.440884527122035,-0.897563832685108,0.));
#2335=DIRECTION('',(0.,0.,1.));
#2336=DIRECTION('',(0.440884527122035,-0.897563832685108,0.));
#2337=DIRECTION('',(0.,0.,1.));
#2338=DIRECTION('',(0.44088452712204,-0.897563832685105,0.));
#2339=DIRECTION('',(0.897563832685105,0.44088452712204,0.));
#2340=DIRECTION('',(0.,0.,1.));
#2341=DIRECTION('',(0.897563832685105,0.44088452712204,0.));
#2342=DIRECTION('',(0.897563832685108,0.440884527122035,0.));
#2343=DIRECTION('',(-0.440884527122035,0.897563832685108,0.));
#2344=DIRECTION('',(0.,0.,1.));
#2345=DIRECTION('',(-0.440884527122035,0.897563832685108,0.));
#2346=DIRECTION('',(-0.440884527122031,0.89756383268511,0.));
#2347=DIRECTION('',(-0.897563832685109,-0.440884527122031,0.));
#2348=DIRECTION('',(-0.897563832685109,-0.440884527122031,0.));
#2349=DIRECTION('',(0.,0.,1.));
#2350=DIRECTION('',(1.,0.,0.));
#2351=DIRECTION('',(0.,1.,0.));
#2352=DIRECTION('',(0.,0.,1.));
#2353=DIRECTION('',(0.,0.,1.));
#2354=DIRECTION('',(-1.,0.,0.));
#2355=DIRECTION('',(0.,0.,1.));
#2356=DIRECTION('',(-1.,0.,0.));
#2357=DIRECTION('',(0.,0.,1.));
#2358=DIRECTION('',(0.,0.,1.));
#2359=DIRECTION('',(0.,-1.,0.));
#2360=DIRECTION('',(0.,-1.,0.));
#2361=DIRECTION('',(0.,0.,-1.));
#2362=DIRECTION('',(0.,0.,1.));
#2363=DIRECTION('',(1.,0.,0.));
#2364=DIRECTION('',(1.,0.,0.));
#2365=DIRECTION('',(0.,0.,-1.));
#2366=DIRECTION('',(0.,1.,0.));
#2367=DIRECTION('',(0.,0.,1.));
#2368=DIRECTION('',(1.,0.,0.));
#2369=DIRECTION('',(0.588159530268129,0.808744933186461,0.));
#2370=DIRECTION('',(-0.808744933186462,0.588159530268129,0.));
#2371=DIRECTION('',(0.,0.,1.));
#2372=DIRECTION('',(-0.808744933186462,0.588159530268129,0.));
#2373=DIRECTION('',(0.,0.,1.));
#2374=DIRECTION('',(-0.808744933186461,0.588159530268129,0.));
#2375=DIRECTION('',(-0.588159530268129,-0.808744933186462,0.));
#2376=DIRECTION('',(0.,0.,1.));
#2377=DIRECTION('',(-0.588159530268129,-0.808744933186462,0.));
#2378=DIRECTION('',(-0.588159530268124,-0.808744933186465,0.));
#2379=DIRECTION('',(0.808744933186465,-0.588159530268124,0.));
#2380=DIRECTION('',(0.,0.,1.));
#2381=DIRECTION('',(0.808744933186465,-0.588159530268124,0.));
#2382=DIRECTION('',(0.808744933186462,-0.588159530268129,0.));
#2383=DIRECTION('',(0.588159530268129,0.808744933186462,0.));
#2384=DIRECTION('',(0.588159530268129,0.808744933186462,0.));
#2385=DIRECTION('',(0.,0.,1.));
#2386=DIRECTION('',(1.,0.,0.));
#2387=DIRECTION('',(-0.729804488020301,0.683655914379029,0.));
#2388=DIRECTION('',(-0.683655914379029,-0.729804488020301,0.));
#2389=DIRECTION('',(0.,0.,1.));
#2390=DIRECTION('',(-0.683655914379029,-0.729804488020301,0.));
#2391=DIRECTION('',(0.,0.,1.));
#2392=DIRECTION('',(-0.683655914379027,-0.729804488020303,0.));
#2393=DIRECTION('',(0.729804488020303,-0.683655914379027,0.));
#2394=DIRECTION('',(0.,0.,1.));
#2395=DIRECTION('',(0.729804488020303,-0.683655914379027,0.));
#2396=DIRECTION('',(0.729804488020301,-0.683655914379029,0.));
#2397=DIRECTION('',(0.683655914379029,0.729804488020301,0.));
#2398=DIRECTION('',(0.,0.,1.));
#2399=DIRECTION('',(0.683655914379029,0.729804488020301,0.));
#2400=DIRECTION('',(0.683655914379025,0.729804488020305,0.));
#2401=DIRECTION('',(-0.729804488020305,0.683655914379025,0.));
#2402=DIRECTION('',(-0.729804488020305,0.683655914379024,0.));
#2403=DIRECTION('',(0.,0.,1.));
#2404=DIRECTION('',(1.,0.,0.));
#2405=DIRECTION('',(0.462668778887037,-0.8865312183128,0.));
#2406=DIRECTION('',(0.8865312183128,0.462668778887037,0.));
#2407=DIRECTION('',(0.,0.,1.));
#2408=DIRECTION('',(0.8865312183128,0.462668778887037,0.));
#2409=DIRECTION('',(0.,0.,1.));
#2410=DIRECTION('',(0.886531218312798,0.462668778887042,0.));
#2411=DIRECTION('',(-0.462668778887042,0.886531218312798,0.));
#2412=DIRECTION('',(0.,0.,1.));
#2413=DIRECTION('',(-0.462668778887042,0.886531218312798,0.));
#2414=DIRECTION('',(-0.462668778887037,0.8865312183128,0.));
#2415=DIRECTION('',(-0.8865312183128,-0.462668778887037,0.));
#2416=DIRECTION('',(0.,0.,1.));
#2417=DIRECTION('',(-0.8865312183128,-0.462668778887037,0.));
#2418=DIRECTION('',(-0.886531218312798,-0.462668778887042,0.));
#2419=DIRECTION('',(0.462668778887042,-0.886531218312798,0.));
#2420=DIRECTION('',(0.462668778887042,-0.886531218312798,0.));
#2421=DIRECTION('',(0.,0.,1.));
#2422=DIRECTION('',(1.,0.,0.));
#2423=DIRECTION('',(-0.886489634256073,-0.462748450409652,0.));
#2424=DIRECTION('',(0.462748450409652,-0.886489634256073,0.));
#2425=DIRECTION('',(0.,0.,1.));
#2426=DIRECTION('',(0.462748450409652,-0.886489634256073,0.));
#2427=DIRECTION('',(0.,0.,1.));
#2428=DIRECTION('',(0.462748450409653,-0.886489634256072,0.));
#2429=DIRECTION('',(0.886489634256072,0.462748450409653,0.));
#2430=DIRECTION('',(0.,0.,1.));
#2431=DIRECTION('',(0.886489634256072,0.462748450409653,0.));
#2432=DIRECTION('',(0.886489634256073,0.462748450409652,0.));
#2433=DIRECTION('',(-0.462748450409652,0.886489634256073,0.));
#2434=DIRECTION('',(0.,0.,1.));
#2435=DIRECTION('',(-0.462748450409652,0.886489634256073,0.));
#2436=DIRECTION('',(-0.462748450409653,0.886489634256072,0.));
#2437=DIRECTION('',(-0.886489634256072,-0.462748450409653,0.));
#2438=DIRECTION('',(-0.886489634256072,-0.462748450409653,0.));
#2439=DIRECTION('',(0.,0.,1.));
#2440=DIRECTION('',(1.,0.,0.));
#2441=DIRECTION('',(-0.436460735926622,-0.899723305241334,0.));
#2442=DIRECTION('',(0.899723305241334,-0.436460735926622,0.));
#2443=DIRECTION('',(0.,0.,1.));
#2444=DIRECTION('',(0.899723305241334,-0.436460735926622,0.));
#2445=DIRECTION('',(0.,0.,1.));
#2446=DIRECTION('',(0.899723305241337,-0.436460735926617,0.));
#2447=DIRECTION('',(0.436460735926617,0.899723305241337,0.));
#2448=DIRECTION('',(0.,0.,1.));
#2449=DIRECTION('',(0.436460735926617,0.899723305241337,0.));
#2450=DIRECTION('',(0.436460735926614,0.899723305241338,0.));
#2451=DIRECTION('',(-0.899723305241338,0.436460735926614,0.));
#2452=DIRECTION('',(0.,0.,1.));
#2453=DIRECTION('',(-0.899723305241338,0.436460735926614,0.));
#2454=DIRECTION('',(-0.899723305241337,0.436460735926617,0.));
#2455=DIRECTION('',(-0.436460735926617,-0.899723305241337,0.));
#2456=DIRECTION('',(-0.436460735926617,-0.899723305241337,0.));
#2457=DIRECTION('',(0.,0.,1.));
#2458=DIRECTION('',(1.,0.,0.));
#2459=DIRECTION('',(0.,-1.,0.));
#2460=DIRECTION('',(0.,0.,-1.));
#2461=DIRECTION('',(0.,0.,1.));
#2462=DIRECTION('',(1.,0.,0.));
#2463=DIRECTION('',(0.,0.,1.));
#2464=DIRECTION('',(1.,3.46944695195372E-16,0.));
#2465=DIRECTION('',(-3.46944695195372E-16,1.,0.));
#2466=DIRECTION('',(0.,0.,1.));
#2467=DIRECTION('',(-3.46944695195372E-16,1.,0.));
#2468=DIRECTION('',(0.,1.,0.));
#2469=DIRECTION('',(0.,0.,1.));
#2470=DIRECTION('',(0.,0.,1.));
#2471=DIRECTION('',(-1.,0.,0.));
#2472=DIRECTION('',(-1.,0.,0.));
#2473=DIRECTION('',(0.,0.,1.));
#2474=DIRECTION('',(0.,-1.,0.));
#2475=DIRECTION('',(0.,0.,1.));
#2476=DIRECTION('',(1.,0.,0.));
#2477=DIRECTION('',(0.636779296057026,0.771046125801251,0.));
#2478=DIRECTION('',(-0.771046125801251,0.636779296057026,0.));
#2479=DIRECTION('',(0.,0.,1.));
#2480=DIRECTION('',(-0.771046125801251,0.636779296057026,0.));
#2481=DIRECTION('',(0.,0.,1.));
#2482=DIRECTION('',(-0.771046125801252,0.636779296057025,0.));
#2483=DIRECTION('',(-0.636779296057025,-0.771046125801252,0.));
#2484=DIRECTION('',(0.,0.,1.));
#2485=DIRECTION('',(-0.636779296057025,-0.771046125801252,0.));
#2486=DIRECTION('',(-0.636779296057026,-0.771046125801251,0.));
#2487=DIRECTION('',(0.771046125801251,-0.636779296057026,0.));
#2488=DIRECTION('',(0.,0.,1.));
#2489=DIRECTION('',(0.771046125801251,-0.636779296057026,0.));
#2490=DIRECTION('',(0.77104612580125,-0.636779296057027,0.));
#2491=DIRECTION('',(0.636779296057027,0.77104612580125,0.));
#2492=DIRECTION('',(0.636779296057027,0.77104612580125,0.));
#2493=DIRECTION('',(0.,0.,1.));
#2494=DIRECTION('',(1.,0.,0.));
#2495=DIRECTION('',(0.436460735926619,0.899723305241336,0.));
#2496=DIRECTION('',(-0.899723305241336,0.436460735926619,0.));
#2497=DIRECTION('',(0.,0.,1.));
#2498=DIRECTION('',(-0.899723305241336,0.436460735926618,0.));
#2499=DIRECTION('',(0.,0.,1.));
#2500=DIRECTION('',(-0.899723305241337,0.436460735926617,0.));
#2501=DIRECTION('',(-0.436460735926617,-0.899723305241337,0.));
#2502=DIRECTION('',(0.,0.,1.));
#2503=DIRECTION('',(-0.436460735926617,-0.899723305241337,0.));
#2504=DIRECTION('',(-0.436460735926615,-0.899723305241338,0.));
#2505=DIRECTION('',(0.899723305241338,-0.436460735926615,0.));
#2506=DIRECTION('',(0.,0.,1.));
#2507=DIRECTION('',(0.899723305241338,-0.436460735926615,0.));
#2508=DIRECTION('',(0.89972330524134,-0.436460735926612,0.));
#2509=DIRECTION('',(0.436460735926612,0.89972330524134,0.));
#2510=DIRECTION('',(0.436460735926612,0.89972330524134,0.));
#2511=DIRECTION('',(0.,0.,1.));
#2512=DIRECTION('',(1.,0.,0.));
#2513=DIRECTION('',(0.,0.,1.));
#2514=DIRECTION('',(6.12323399573677E-17,-1.,0.));
#2515=DIRECTION('',(0.,0.,1.));
#2516=DIRECTION('',(0.,0.,1.));
#2517=DIRECTION('',(0.,0.,1.));
#2518=DIRECTION('',(6.12323399573677E-17,-1.,0.));
#2519=DIRECTION('',(0.,0.,1.));
#2520=DIRECTION('',(0.,0.,1.));
#2521=DIRECTION('',(0.,0.,1.));
#2522=DIRECTION('',(1.,2.4980018054066E-16,0.));
#2523=DIRECTION('',(0.,0.,1.));
#2524=DIRECTION('',(1.,2.4980018054066E-16,0.));
#2525=DIRECTION('',(0.,0.,1.));
#2526=DIRECTION('',(1.,0.,0.));
#2527=DIRECTION('',(0.,0.,1.));
#2528=DIRECTION('',(1.,0.,0.));
#2529=DIRECTION('',(0.,0.,1.));
#2530=DIRECTION('',(1.,0.,0.));
#2531=DIRECTION('',(0.,0.,1.));
#2532=DIRECTION('',(0.,0.,1.));
#2533=DIRECTION('',(0.,0.,1.));
#2534=DIRECTION('',(0.,0.,1.));
#2535=DIRECTION('',(1.,0.,0.));
#2536=DIRECTION('',(0.,0.,1.));
#2537=DIRECTION('',(0.,0.,1.));
#2538=DIRECTION('',(0.,0.,1.));
#2539=DIRECTION('',(0.562273528818953,0.826951315852077,0.));
#2540=DIRECTION('',(-0.826951315852077,0.562273528818954,0.));
#2541=DIRECTION('',(-0.826951315852077,0.562273528818954,0.));
#2542=DIRECTION('',(-0.826951315852077,0.562273528818954,0.));
#2543=DIRECTION('',(0.,0.,1.));
#2544=DIRECTION('',(1.,0.,0.));
#2545=DIRECTION('',(-0.783088374734406,0.621910441587715,0.));
#2546=DIRECTION('',(-0.621910441587715,-0.783088374734406,0.));
#2547=DIRECTION('',(-0.621910441587715,-0.783088374734406,0.));
#2548=DIRECTION('',(0.,0.,1.));
#2549=DIRECTION('',(0.783088374734406,-0.621910441587715,0.));
#2550=DIRECTION('',(0.621910441587715,0.783088374734406,0.));
#2551=DIRECTION('',(0.,0.,1.));
#2552=DIRECTION('',(0.621910441587715,0.783088374734406,0.));
#2553=DIRECTION('',(0.621910441587715,0.783088374734406,0.));
#2554=DIRECTION('',(-0.783088374734406,0.621910441587715,0.));
#2555=DIRECTION('',(-0.783088374734406,0.621910441587715,0.));
#2556=DIRECTION('',(0.,0.,1.));
#2557=DIRECTION('',(1.,0.,0.));
#2558=DIRECTION('',(0.,0.,1.));
#2559=DIRECTION('',(1.,0.,0.));
#2560=DIRECTION('',(-0.562273528818955,-0.826951315852076,0.));
#2561=DIRECTION('',(-0.562273528818955,-0.826951315852076,0.));
#2562=DIRECTION('',(0.562273528818955,0.826951315852076,0.));
#2563=DIRECTION('',(-0.826951315852076,0.562273528818955,0.));
#2564=DIRECTION('',(-0.562273528818955,-0.826951315852076,0.));
#2565=DIRECTION('',(-0.826951315852076,0.562273528818955,0.));
#2566=DIRECTION('',(-0.562273528818955,-0.826951315852076,0.));
#2567=DIRECTION('',(0.826951315852076,-0.562273528818955,0.));
#2568=DIRECTION('',(0.562273528818955,0.826951315852076,0.));
#2569=DIRECTION('',(0.,0.,1.));
#2570=DIRECTION('',(1.,0.,0.));
#2571=CARTESIAN_POINT('',(0.,0.,0.));
#2572=CARTESIAN_POINT('',(-0.169,0.0515,0.01));
#2573=CARTESIAN_POINT('',(-0.00717104211020636,0.090208838402001,0.01));
#2574=CARTESIAN_POINT('',(-0.00857672593225375,0.0881414601123708,0.01));
#2575=CARTESIAN_POINT('',(-0.00576535828815897,0.0922762166916312,0.01));
#2576=CARTESIAN_POINT('',(-0.0116128927488986,0.0902058576135936,0.01));
#2577=CARTESIAN_POINT('',(-0.0136772902501213,0.0871696907969488,0.01));
#2578=CARTESIAN_POINT('',(-0.0141437230813121,0.086582374515898,0.01));
#2579=CARTESIAN_POINT('',(-0.0146101559125029,0.0859950582348471,0.01));
#2580=CARTESIAN_POINT('',(-0.0147276191687131,0.0860883448010853,0.01));
#2581=CARTESIAN_POINT('',(-0.0148450824249232,0.0861816313673235,0.01));
#2582=CARTESIAN_POINT('',(-0.0143786495937324,0.0867689476483743,0.01));
#2583=CARTESIAN_POINT('',(-0.0139184055247445,0.0873484712515555,0.01));
#2584=CARTESIAN_POINT('',(-0.0116128927488986,0.0902058576135936,0.01));
#2585=CARTESIAN_POINT('',(-0.0146490595655434,0.0922702551148163,0.01));
#2586=CARTESIAN_POINT('',(-0.013243375743496,0.0943376334044465,0.01));
#2587=CARTESIAN_POINT('',(-0.0143733317632122,0.0926757756617887,0.01));
#2588=CARTESIAN_POINT('',(-0.0155910467931312,0.0937461270354504,0.01));
#2589=CARTESIAN_POINT('',(-0.014598578774798,0.0949065362661016,0.01));
#2590=CARTESIAN_POINT('',(-0.013590969276356,0.0958407107599512,0.01));
#2591=CARTESIAN_POINT('',(-0.0124630938838551,0.0954852156353242,0.01));
#2592=CARTESIAN_POINT('',(-0.013243375743496,0.0943376334044465,0.01));
#2593=CARTESIAN_POINT('',(-0.0118376919214486,0.0964050116940767,0.01));
#2594=CARTESIAN_POINT('',(-0.0088015251048038,0.0943406141928539,0.01));
#2595=CARTESIAN_POINT('',(-0.017517147987464,0.0676757562231428,0.01));
#2596=CARTESIAN_POINT('',(-0.0163924938559123,0.0671301803032345,0.01));
#2597=CARTESIAN_POINT('',(-0.0186418021190157,0.0682213321430511,0.01));
#2598=CARTESIAN_POINT('',(-0.0165016090398939,0.0669052494769242,0.01));
#2599=CARTESIAN_POINT('',(-0.0166107242238756,0.0666803186506139,0.01));
#2600=CARTESIAN_POINT('',(-0.0177353783554272,0.0672258945705221,0.01));
#2601=CARTESIAN_POINT('',(-0.0188600324869789,0.0677714704904304,0.01));
#2602=CARTESIAN_POINT('',(-0.0187509173029972,0.0679964013167409,0.01));
#2603=CARTESIAN_POINT('',(-0.0126924938815317,0.0648170204482291,0.01));
#2604=CARTESIAN_POINT('',(-0.0117286862242802,0.0640210463281578,0.01));
#2605=CARTESIAN_POINT('',(-0.0136563015387833,0.0656129945683004,0.01));
#2606=CARTESIAN_POINT('',(-0.0118878810482944,0.0638282847967075,0.01));
#2607=CARTESIAN_POINT('',(-0.0120470758723087,0.0636355232652572,0.01));
#2608=CARTESIAN_POINT('',(-0.0130108835295603,0.0644314973853285,0.01));
#2609=CARTESIAN_POINT('',(-0.0139746911868118,0.0652274715053998,0.01));
#2610=CARTESIAN_POINT('',(-0.0138154963627976,0.0654202330368501,0.01));
#2611=CARTESIAN_POINT('',(-0.0171396634123026,0.0847463787933213,0.01));
#2612=CARTESIAN_POINT('',(-0.0162850935193289,0.0856586344033467,0.01));
#2613=CARTESIAN_POINT('',(-0.0179942333052764,0.0838341231832959,0.01));
#2614=CARTESIAN_POINT('',(-0.016102642397324,0.0854877204247521,0.01));
#2615=CARTESIAN_POINT('',(-0.015920191275319,0.0853168064461574,0.01));
#2616=CARTESIAN_POINT('',(-0.0167747611682925,0.0844045508361317,0.01));
#2617=CARTESIAN_POINT('',(-0.0176293310612663,0.0834922952261064,0.01));
#2618=CARTESIAN_POINT('',(-0.0178117821832713,0.0836632092047012,0.01));
#2619=CARTESIAN_POINT('',(-0.0215430904522623,0.0711159173510137,0.01));
#2620=CARTESIAN_POINT('',(-0.0220941961111649,0.0722378721418701,0.01));
#2621=CARTESIAN_POINT('',(-0.0209919847933598,0.0699939625601574,0.01));
#2622=CARTESIAN_POINT('',(-0.0218698051529936,0.0723480932736507,0.01));
#2623=CARTESIAN_POINT('',(-0.0216454141948224,0.0724583144054312,0.01));
#2624=CARTESIAN_POINT('',(-0.0210943085359198,0.0713363596145748,0.01));
#2625=CARTESIAN_POINT('',(-0.0205432028770173,0.0702144048237184,0.01));
#2626=CARTESIAN_POINT('',(-0.0207675938351886,0.0701041836919379,0.01));
#2627=CARTESIAN_POINT('',(-0.338,0.0515,0.01));
#2628=CARTESIAN_POINT('',(-0.338,0.00168994949366116,0.01));
#2629=CARTESIAN_POINT('',(-0.338,0.101310050506339,0.01));
#2630=CARTESIAN_POINT('',(-0.336310050506339,0.00168994949366116,0.01));
#2631=CARTESIAN_POINT('',(-0.336310050506339,0.,0.01));
#2632=CARTESIAN_POINT('',(-0.169,0.,0.01));
#2633=CARTESIAN_POINT('',(-0.00168994949366116,0.,0.01));
#2634=CARTESIAN_POINT('',(-0.00168994949366116,0.00168994949366117,0.01));
#2635=CARTESIAN_POINT('',(0.,0.00168994949366117,0.01));
#2636=CARTESIAN_POINT('',(0.,0.0515,0.01));
#2637=CARTESIAN_POINT('',(0.,0.101310050506339,0.01));
#2638=CARTESIAN_POINT('',(-0.00168994949366116,0.101310050506339,0.01));
#2639=CARTESIAN_POINT('',(-0.00168994949366116,0.103,0.01));
#2640=CARTESIAN_POINT('',(-0.169,0.103,0.01));
#2641=CARTESIAN_POINT('',(-0.336310050506339,0.103,0.01));
#2642=CARTESIAN_POINT('',(-0.336310050506339,0.101310050506339,0.01));
#2643=CARTESIAN_POINT('',(-0.01,0.0515,0.01));
#2644=CARTESIAN_POINT('',(-0.01,0.039,0.01));
#2645=CARTESIAN_POINT('',(-0.01,0.014,0.01));
#2646=CARTESIAN_POINT('',(-0.169,0.014,0.01));
#2647=CARTESIAN_POINT('',(-0.02,0.014,0.01));
#2648=CARTESIAN_POINT('',(-0.02,0.0515,0.01));
#2649=CARTESIAN_POINT('',(-0.02,0.039,0.01));
#2650=CARTESIAN_POINT('',(-0.169,0.039,0.01));
#2651=CARTESIAN_POINT('',(-0.029,0.0515,0.01));
#2652=CARTESIAN_POINT('',(-0.029,0.1,0.01));
#2653=CARTESIAN_POINT('',(-0.029,0.004,0.01));
#2654=CARTESIAN_POINT('',(-0.169,0.004,0.01));
#2655=CARTESIAN_POINT('',(-0.087,0.004,0.01));
#2656=CARTESIAN_POINT('',(-0.087,0.0515,0.01));
#2657=CARTESIAN_POINT('',(-0.087,0.022,0.01));
#2658=CARTESIAN_POINT('',(-0.169,0.022,0.01));
#2659=CARTESIAN_POINT('',(-0.0955,0.022,0.01));
#2660=CARTESIAN_POINT('',(-0.0955,0.0515,0.01));
#2661=CARTESIAN_POINT('',(-0.0955,0.004,0.01));
#2662=CARTESIAN_POINT('',(-0.169,0.004,0.01));
#2663=CARTESIAN_POINT('',(-0.334,0.004,0.01));
#2664=CARTESIAN_POINT('',(-0.334,0.0515,0.01));
#2665=CARTESIAN_POINT('',(-0.334,0.1,0.01));
#2666=CARTESIAN_POINT('',(-0.169,0.1,0.01));
#2667=CARTESIAN_POINT('',(-0.0220092066666486,0.0762246451262163,0.01));
#2668=CARTESIAN_POINT('',(-0.0220092066666486,0.0774746451262162,0.01));
#2669=CARTESIAN_POINT('',(-0.0220092066666486,0.0749746451262165,0.01));
#2670=CARTESIAN_POINT('',(-0.0222592066666486,0.0749746451262165,0.01));
#2671=CARTESIAN_POINT('',(-0.0225092066666486,0.0749746451262165,0.01));
#2672=CARTESIAN_POINT('',(-0.0225092066666486,0.0762246451262165,0.01));
#2673=CARTESIAN_POINT('',(-0.0225092066666486,0.0774746451262165,0.01));
#2674=CARTESIAN_POINT('',(-0.0222592066666485,0.0774746451262165,0.01));
#2675=CARTESIAN_POINT('',(-0.0202980577454413,0.0805918058736951,0.01));
#2676=CARTESIAN_POINT('',(-0.0195628583326061,0.0816027370401781,0.01));
#2677=CARTESIAN_POINT('',(-0.0210332571582764,0.079580874707212,0.01));
#2678=CARTESIAN_POINT('',(-0.021235443391573,0.079727914589779,0.01));
#2679=CARTESIAN_POINT('',(-0.0214376296248696,0.0798749544723461,0.01));
#2680=CARTESIAN_POINT('',(-0.0207024302120344,0.0808858856388292,0.01));
#2681=CARTESIAN_POINT('',(-0.0199672307991993,0.0818968168053122,0.01));
#2682=CARTESIAN_POINT('',(-0.0197650445659027,0.0817497769227452,0.01));
#2683=CARTESIAN_POINT('',(-0.00942166402639116,0.0604514213088416,0.01));
#2684=CARTESIAN_POINT('',(-0.00884332805278239,0.0593432572859507,0.01));
#2685=CARTESIAN_POINT('',(-0.01,0.0615595853317326,0.01));
#2686=CARTESIAN_POINT('',(-0.00977836719542179,0.0616752525264544,0.01));
#2687=CARTESIAN_POINT('',(-0.00955673439084359,0.0617909197211762,0.01));
#2688=CARTESIAN_POINT('',(-0.00897839841723479,0.0606827556982852,0.01));
#2689=CARTESIAN_POINT('',(-0.008400062443626,0.0595745916753942,0.01));
#2690=CARTESIAN_POINT('',(-0.00862169524820419,0.0594589244806724,0.01));
#2691=CARTESIAN_POINT('',(-0.0132527810594636,0.0477176024238335,0.01));
#2692=CARTESIAN_POINT('',(-0.0143608931022837,0.0471391668608214,0.01));
#2693=CARTESIAN_POINT('',(-0.0121446690166435,0.0482960379868456,0.01));
#2694=CARTESIAN_POINT('',(-0.0120289819040411,0.0480744155782815,0.01));
#2695=CARTESIAN_POINT('',(-0.0119132947914387,0.0478527931697175,0.01));
#2696=CARTESIAN_POINT('',(-0.0130214068342588,0.0472743576067055,0.01));
#2697=CARTESIAN_POINT('',(-0.0141295188770789,0.0466959220436934,0.01));
#2698=CARTESIAN_POINT('',(-0.0142452059896813,0.0469175444522574,0.01));
#2699=CARTESIAN_POINT('',(-0.00894563836353417,0.0506115955053274,0.01));
#2700=CARTESIAN_POINT('',(-0.00949121428344246,0.0494869413737757,0.01));
#2701=CARTESIAN_POINT('',(-0.00840006244362589,0.0517362496368791,0.01));
#2702=CARTESIAN_POINT('',(-0.0081751316173156,0.0516271344528973,0.01));
#2703=CARTESIAN_POINT('',(-0.00795020079100525,0.0515180192689157,0.01));
#2704=CARTESIAN_POINT('',(-0.00849577671091352,0.050393365137364,0.01));
#2705=CARTESIAN_POINT('',(-0.00904135263082178,0.0492687110058123,0.01));
#2706=CARTESIAN_POINT('',(-0.00926628345713213,0.049377826189794,0.01));
#2707=CARTESIAN_POINT('',(-0.00770789084137812,0.055701635415623,0.01));
#2708=CARTESIAN_POINT('',(-0.00770789084137812,0.054451635415623,0.01));
#2709=CARTESIAN_POINT('',(-0.00770789084137812,0.0569516354156229,0.01));
#2710=CARTESIAN_POINT('',(-0.00745789084137826,0.056951635415623,0.01));
#2711=CARTESIAN_POINT('',(-0.00720789084137812,0.056951635415623,0.01));
#2712=CARTESIAN_POINT('',(-0.00720789084137812,0.055701635415623,0.01));
#2713=CARTESIAN_POINT('',(-0.00720789084137813,0.054451635415623,0.01));
#2714=CARTESIAN_POINT('',(-0.00745789084137812,0.054451635415623,0.01));
#2715=CARTESIAN_POINT('',(-0.00887456688330114,0.0966659270910874,0.009));
#2716=CARTESIAN_POINT('',(-0.00887456688330114,0.0966659270910874,0.009));
#2717=CARTESIAN_POINT('',(-0.00835950331851502,0.0966659270910874,0.009));
#2718=CARTESIAN_POINT('',(-0.00887456688330114,0.0966659270910874,0.0095));
#2719=CARTESIAN_POINT('',(-0.00835950331851502,0.0966659270910874,0.0095));
#2720=CARTESIAN_POINT('',(-0.00880152510480383,0.094340614192854,0.009));
#2721=CARTESIAN_POINT('',(-0.00880152510480383,0.094340614192854,0.0095));
#2722=CARTESIAN_POINT('',(-0.00576535828815897,0.0922762166916312,0.0095));
#2723=CARTESIAN_POINT('',(-0.0118376919214486,0.0964050116940767,0.0095));
#2724=CARTESIAN_POINT('',(-0.00576535828815897,0.0922762166916312,0.009));
#2725=CARTESIAN_POINT('',(-0.00576535828815897,0.0922762166916312,0.009));
#2726=CARTESIAN_POINT('',(-0.00880152510480383,0.094340614192854,0.009));
#2727=CARTESIAN_POINT('',(-0.0118376919214486,0.0964050116940767,0.009));
#2728=CARTESIAN_POINT('',(-0.0118376919214486,0.0964050116940767,0.009));
#2729=CARTESIAN_POINT('',(-0.169,0.0515,0.));
#2730=CARTESIAN_POINT('',(-0.169,0.,0.));
#2731=CARTESIAN_POINT('',(-0.00168994949366116,0.,0.));
#2732=CARTESIAN_POINT('',(-0.336310050506339,0.,0.));
#2733=CARTESIAN_POINT('',(-0.336310050506339,0.00168994949366116,0.));
#2734=CARTESIAN_POINT('',(-0.338,0.00168994949366116,0.));
#2735=CARTESIAN_POINT('',(-0.338,0.0515,0.));
#2736=CARTESIAN_POINT('',(-0.338,0.101310050506339,0.));
#2737=CARTESIAN_POINT('',(-0.336310050506339,0.101310050506339,0.));
#2738=CARTESIAN_POINT('',(-0.336310050506339,0.103,0.));
#2739=CARTESIAN_POINT('',(-0.169,0.103,0.));
#2740=CARTESIAN_POINT('',(-0.00168994949366116,0.103,0.));
#2741=CARTESIAN_POINT('',(-0.00168994949366116,0.101310050506339,0.));
#2742=CARTESIAN_POINT('',(0.,0.101310050506339,0.));
#2743=CARTESIAN_POINT('',(0.,0.0515,0.));
#2744=CARTESIAN_POINT('',(0.,0.00168994949366117,0.));
#2745=CARTESIAN_POINT('',(-0.00168994949366116,0.00168994949366117,0.));
#2746=CARTESIAN_POINT('',(-0.169,0.00100000000000003,0.));
#2747=CARTESIAN_POINT('',(-0.337,0.00100000000000003,0.));
#2748=CARTESIAN_POINT('',(-0.001,0.00100000000000003,0.));
#2749=CARTESIAN_POINT('',(-0.001,0.0515,0.));
#2750=CARTESIAN_POINT('',(-0.001,0.102,0.));
#2751=CARTESIAN_POINT('',(-0.169,0.102,0.));
#2752=CARTESIAN_POINT('',(-0.337,0.102,0.));
#2753=CARTESIAN_POINT('',(-0.337,0.0515,0.));
#2754=CARTESIAN_POINT('',(-0.169,0.00200000000000003,0.008));
#2755=CARTESIAN_POINT('',(-0.002,0.00200000000000003,0.008));
#2756=CARTESIAN_POINT('',(-0.002,0.00200000000000003,0.008));
#2757=CARTESIAN_POINT('',(-0.002,0.00200000000000003,0.004));
#2758=CARTESIAN_POINT('',(-0.169,0.00200000000000003,0.004));
#2759=CARTESIAN_POINT('',(-0.336,0.00200000000000003,0.004));
#2760=CARTESIAN_POINT('',(-0.336,0.00200000000000003,0.008));
#2761=CARTESIAN_POINT('',(-0.336,0.00200000000000003,0.008));
#2762=CARTESIAN_POINT('',(-0.169,0.00200000000000003,0.008));
#2763=CARTESIAN_POINT('',(-0.336,0.0515,0.008));
#2764=CARTESIAN_POINT('',(-0.336,0.0515,0.004));
#2765=CARTESIAN_POINT('',(-0.336,0.101,0.004));
#2766=CARTESIAN_POINT('',(-0.336,0.101,0.008));
#2767=CARTESIAN_POINT('',(-0.336,0.101,0.008));
#2768=CARTESIAN_POINT('',(-0.336,0.0515,0.008));
#2769=CARTESIAN_POINT('',(-0.169,0.101,0.008));
#2770=CARTESIAN_POINT('',(-0.169,0.101,0.004));
#2771=CARTESIAN_POINT('',(-0.002,0.101,0.004));
#2772=CARTESIAN_POINT('',(-0.002,0.101,0.008));
#2773=CARTESIAN_POINT('',(-0.002,0.101,0.008));
#2774=CARTESIAN_POINT('',(-0.169,0.101,0.008));
#2775=CARTESIAN_POINT('',(-0.002,0.0515,0.008));
#2776=CARTESIAN_POINT('',(-0.002,0.0515,0.004));
#2777=CARTESIAN_POINT('',(-0.002,0.0515,0.008));
#2778=CARTESIAN_POINT('',(-0.015,0.014,0.025));
#2779=CARTESIAN_POINT('',(-0.01,0.014,0.025));
#2780=CARTESIAN_POINT('',(-0.01,0.014,0.003));
#2781=CARTESIAN_POINT('',(-0.015,0.014,0.003));
#2782=CARTESIAN_POINT('',(-0.02,0.014,0.003));
#2783=CARTESIAN_POINT('',(-0.02,0.014,0.025));
#2784=CARTESIAN_POINT('',(-0.02,0.0265,0.025));
#2785=CARTESIAN_POINT('',(-0.02,0.0265,0.003));
#2786=CARTESIAN_POINT('',(-0.02,0.039,0.003));
#2787=CARTESIAN_POINT('',(-0.02,0.039,0.025));
#2788=CARTESIAN_POINT('',(-0.015,0.039,0.025));
#2789=CARTESIAN_POINT('',(-0.015,0.039,0.003));
#2790=CARTESIAN_POINT('',(-0.01,0.039,0.003));
#2791=CARTESIAN_POINT('',(-0.01,0.039,0.025));
#2792=CARTESIAN_POINT('',(-0.01,0.0265,0.025));
#2793=CARTESIAN_POINT('',(-0.01,0.0265,0.003));
#2794=CARTESIAN_POINT('',(-0.058,0.004,0.025));
#2795=CARTESIAN_POINT('',(-0.029,0.004,0.025));
#2796=CARTESIAN_POINT('',(-0.029,0.004,0.008));
#2797=CARTESIAN_POINT('',(-0.058,0.004,0.008));
#2798=CARTESIAN_POINT('',(-0.087,0.004,0.008));
#2799=CARTESIAN_POINT('',(-0.087,0.004,0.025));
#2800=CARTESIAN_POINT('',(-0.087,0.013,0.025));
#2801=CARTESIAN_POINT('',(-0.087,0.013,0.008));
#2802=CARTESIAN_POINT('',(-0.087,0.022,0.008));
#2803=CARTESIAN_POINT('',(-0.087,0.022,0.025));
#2804=CARTESIAN_POINT('',(-0.0955,0.013,0.025));
#2805=CARTESIAN_POINT('',(-0.0955,0.022,0.025));
#2806=CARTESIAN_POINT('',(-0.0955,0.022,0.008));
#2807=CARTESIAN_POINT('',(-0.0955,0.013,0.008));
#2808=CARTESIAN_POINT('',(-0.0955,0.004,0.008));
#2809=CARTESIAN_POINT('',(-0.0955,0.004,0.025));
#2810=CARTESIAN_POINT('',(-0.21475,0.004,0.025));
#2811=CARTESIAN_POINT('',(-0.21475,0.004,0.008));
#2812=CARTESIAN_POINT('',(-0.334,0.004,0.008));
#2813=CARTESIAN_POINT('',(-0.334,0.004,0.025));
#2814=CARTESIAN_POINT('',(-0.334,0.052,0.025));
#2815=CARTESIAN_POINT('',(-0.334,0.052,0.008));
#2816=CARTESIAN_POINT('',(-0.334,0.1,0.008));
#2817=CARTESIAN_POINT('',(-0.334,0.1,0.025));
#2818=CARTESIAN_POINT('',(-0.1815,0.1,0.025));
#2819=CARTESIAN_POINT('',(-0.1815,0.1,0.008));
#2820=CARTESIAN_POINT('',(-0.029,0.1,0.008));
#2821=CARTESIAN_POINT('',(-0.029,0.1,0.025));
#2822=CARTESIAN_POINT('',(-0.029,0.052,0.025));
#2823=CARTESIAN_POINT('',(-0.029,0.052,0.008));
#2824=CARTESIAN_POINT('',(-0.169,0.,0.01));
#2825=CARTESIAN_POINT('',(-0.336310050506339,0.,0.01));
#2826=CARTESIAN_POINT('',(-0.00168994949366116,0.,0.01));
#2827=CARTESIAN_POINT('',(0.,0.0515,0.01));
#2828=CARTESIAN_POINT('',(0.,0.101310050506339,0.01));
#2829=CARTESIAN_POINT('',(0.,0.00168994949366117,0.));
#2830=CARTESIAN_POINT('',(-0.169,0.103,0.01));
#2831=CARTESIAN_POINT('',(-0.336310050506339,0.103,0.01));
#2832=CARTESIAN_POINT('',(-0.00168994949366116,0.103,0.01));
#2833=CARTESIAN_POINT('',(-0.338,0.0515,0.01));
#2834=CARTESIAN_POINT('',(-0.338,0.00168994949366116,0.01));
#2835=CARTESIAN_POINT('',(-0.338,0.101310050506339,0.));
#2836=CARTESIAN_POINT('',(-0.09125,0.022,0.025));
#2837=CARTESIAN_POINT('',(-0.09125,0.022,0.008));
#2838=CARTESIAN_POINT('',(-0.169,0.0515,0.008));
#2839=CARTESIAN_POINT('',(-0.015,0.013,0.008));
#2840=CARTESIAN_POINT('',(-0.021,0.013,0.008));
#2841=CARTESIAN_POINT('',(-0.009,0.013,0.008));
#2842=CARTESIAN_POINT('',(-0.009,0.0265,0.008));
#2843=CARTESIAN_POINT('',(-0.009,0.04,0.008));
#2844=CARTESIAN_POINT('',(-0.015,0.04,0.008));
#2845=CARTESIAN_POINT('',(-0.021,0.04,0.008));
#2846=CARTESIAN_POINT('',(-0.021,0.0265,0.008));
#2847=CARTESIAN_POINT('',(-0.169,0.00100000000000003,0.004));
#2848=CARTESIAN_POINT('',(-0.337,0.00100000000000003,0.004));
#2849=CARTESIAN_POINT('',(-0.337,0.00100000000000003,0.004));
#2850=CARTESIAN_POINT('',(-0.169,0.00100000000000003,0.004));
#2851=CARTESIAN_POINT('',(-0.001,0.00100000000000003,0.004));
#2852=CARTESIAN_POINT('',(-0.001,0.00100000000000003,0.004));
#2853=CARTESIAN_POINT('',(-0.337,0.0515,0.004));
#2854=CARTESIAN_POINT('',(-0.337,0.102,0.004));
#2855=CARTESIAN_POINT('',(-0.337,0.102,0.004));
#2856=CARTESIAN_POINT('',(-0.337,0.0515,0.004));
#2857=CARTESIAN_POINT('',(-0.169,0.102,0.004));
#2858=CARTESIAN_POINT('',(-0.000999999999999988,0.102,0.004));
#2859=CARTESIAN_POINT('',(-0.000999999999999988,0.102,0.004));
#2860=CARTESIAN_POINT('',(-0.169,0.102,0.004));
#2861=CARTESIAN_POINT('',(-0.001,0.0515,0.004));
#2862=CARTESIAN_POINT('',(-0.001,0.0515,0.004));
#2863=CARTESIAN_POINT('',(-0.169,0.0515,0.004));
#2864=CARTESIAN_POINT('',(-0.336310050506339,0.00168994949366116,0.01));
#2865=CARTESIAN_POINT('',(-0.336310050506339,0.101310050506339,0.01));
#2866=CARTESIAN_POINT('',(-0.00168994949366116,0.101310050506339,0.01));
#2867=CARTESIAN_POINT('',(-0.00168994949366116,0.00168994949366117,0.01));
#2868=CARTESIAN_POINT('',(-0.015,0.013,0.003));
#2869=CARTESIAN_POINT('',(-0.021,0.013,0.003));
#2870=CARTESIAN_POINT('',(-0.021,0.013,0.003));
#2871=CARTESIAN_POINT('',(-0.015,0.013,0.003));
#2872=CARTESIAN_POINT('',(-0.009,0.013,0.003));
#2873=CARTESIAN_POINT('',(-0.009,0.013,0.003));
#2874=CARTESIAN_POINT('',(-0.021,0.0265,0.003));
#2875=CARTESIAN_POINT('',(-0.021,0.04,0.003));
#2876=CARTESIAN_POINT('',(-0.021,0.04,0.003));
#2877=CARTESIAN_POINT('',(-0.021,0.0265,0.003));
#2878=CARTESIAN_POINT('',(-0.015,0.04,0.003));
#2879=CARTESIAN_POINT('',(-0.009,0.04,0.003));
#2880=CARTESIAN_POINT('',(-0.009,0.04,0.003));
#2881=CARTESIAN_POINT('',(-0.015,0.04,0.003));
#2882=CARTESIAN_POINT('',(-0.009,0.0265,0.003));
#2883=CARTESIAN_POINT('',(-0.009,0.0265,0.003));
#2884=CARTESIAN_POINT('',(-0.169,0.0515,0.003));
#2885=CARTESIAN_POINT('',(-0.0088015251048038,0.0943406141928539,0.009));
#2886=CARTESIAN_POINT('',(-0.00576535828815897,0.0922762166916312,0.0095));
#2887=CARTESIAN_POINT('',(-0.0118376919214486,0.0964050116940767,0.0095));
#2888=CARTESIAN_POINT('',(-0.0088015251048038,0.0943406141928539,0.009));
#2889=CARTESIAN_POINT('',(-0.169,0.0515,0.009));
#2890=CARTESIAN_POINT('',(-0.0215430904522623,0.0711159173510137,0.009));
#2891=CARTESIAN_POINT('',(-0.0209919847933598,0.0699939625601574,0.009));
#2892=CARTESIAN_POINT('',(-0.0209919847933598,0.0699939625601574,0.009));
#2893=CARTESIAN_POINT('',(-0.0215430904522623,0.0711159173510137,0.009));
#2894=CARTESIAN_POINT('',(-0.0220941961111649,0.0722378721418701,0.009));
#2895=CARTESIAN_POINT('',(-0.0220941961111649,0.0722378721418701,0.009));
#2896=CARTESIAN_POINT('',(-0.0207675938351886,0.0701041836919379,0.009));
#2897=CARTESIAN_POINT('',(-0.0205432028770173,0.0702144048237184,0.009));
#2898=CARTESIAN_POINT('',(-0.0205432028770173,0.0702144048237184,0.009));
#2899=CARTESIAN_POINT('',(-0.0207675938351886,0.0701041836919379,0.009));
#2900=CARTESIAN_POINT('',(-0.0210943085359198,0.0713363596145748,0.009));
#2901=CARTESIAN_POINT('',(-0.0216454141948223,0.0724583144054312,0.009));
#2902=CARTESIAN_POINT('',(-0.0216454141948223,0.0724583144054312,0.009));
#2903=CARTESIAN_POINT('',(-0.0210943085359198,0.0713363596145748,0.009));
#2904=CARTESIAN_POINT('',(-0.0218698051529936,0.0723480932736507,0.009));
#2905=CARTESIAN_POINT('',(-0.0218698051529936,0.0723480932736507,0.009));
#2906=CARTESIAN_POINT('',(-0.169,0.0515,0.009));
#2907=CARTESIAN_POINT('',(-0.0222592066666486,0.0749746451262165,0.009));
#2908=CARTESIAN_POINT('',(-0.0220092066666486,0.0749746451262165,0.009));
#2909=CARTESIAN_POINT('',(-0.0220092066666486,0.0749746451262165,0.009));
#2910=CARTESIAN_POINT('',(-0.0222592066666486,0.0749746451262165,0.009));
#2911=CARTESIAN_POINT('',(-0.0225092066666486,0.0749746451262165,0.009));
#2912=CARTESIAN_POINT('',(-0.0225092066666486,0.0749746451262165,0.009));
#2913=CARTESIAN_POINT('',(-0.0220092066666486,0.0762246451262163,0.009));
#2914=CARTESIAN_POINT('',(-0.0220092066666486,0.0774746451262162,0.009));
#2915=CARTESIAN_POINT('',(-0.0220092066666486,0.0774746451262162,0.009));
#2916=CARTESIAN_POINT('',(-0.0220092066666486,0.0762246451262163,0.009));
#2917=CARTESIAN_POINT('',(-0.0222592066666485,0.0774746451262165,0.009));
#2918=CARTESIAN_POINT('',(-0.0225092066666486,0.0774746451262165,0.009));
#2919=CARTESIAN_POINT('',(-0.0225092066666486,0.0774746451262165,0.009));
#2920=CARTESIAN_POINT('',(-0.0222592066666485,0.0774746451262165,0.009));
#2921=CARTESIAN_POINT('',(-0.0225092066666486,0.0762246451262165,0.009));
#2922=CARTESIAN_POINT('',(-0.0225092066666486,0.0762246451262165,0.009));
#2923=CARTESIAN_POINT('',(-0.169,0.0515,0.009));
#2924=CARTESIAN_POINT('',(-0.021235443391573,0.079727914589779,0.009));
#2925=CARTESIAN_POINT('',(-0.0210332571582764,0.079580874707212,0.009));
#2926=CARTESIAN_POINT('',(-0.0210332571582764,0.079580874707212,0.009));
#2927=CARTESIAN_POINT('',(-0.021235443391573,0.079727914589779,0.009));
#2928=CARTESIAN_POINT('',(-0.0214376296248696,0.0798749544723461,0.009));
#2929=CARTESIAN_POINT('',(-0.0214376296248696,0.0798749544723461,0.009));
#2930=CARTESIAN_POINT('',(-0.0202980577454413,0.0805918058736951,0.009));
#2931=CARTESIAN_POINT('',(-0.0195628583326061,0.0816027370401781,0.009));
#2932=CARTESIAN_POINT('',(-0.0195628583326061,0.0816027370401781,0.009));
#2933=CARTESIAN_POINT('',(-0.0202980577454413,0.0805918058736951,0.009));
#2934=CARTESIAN_POINT('',(-0.0197650445659027,0.0817497769227452,0.009));
#2935=CARTESIAN_POINT('',(-0.0199672307991992,0.0818968168053122,0.009));
#2936=CARTESIAN_POINT('',(-0.0199672307991992,0.0818968168053122,0.009));
#2937=CARTESIAN_POINT('',(-0.0197650445659027,0.0817497769227452,0.009));
#2938=CARTESIAN_POINT('',(-0.0207024302120344,0.0808858856388292,0.009));
#2939=CARTESIAN_POINT('',(-0.0207024302120344,0.0808858856388292,0.009));
#2940=CARTESIAN_POINT('',(-0.169,0.0515,0.009));
#2941=CARTESIAN_POINT('',(-0.0171396634123026,0.0847463787933213,0.009));
#2942=CARTESIAN_POINT('',(-0.0179942333052764,0.0838341231832959,0.009));
#2943=CARTESIAN_POINT('',(-0.0179942333052764,0.0838341231832959,0.009));
#2944=CARTESIAN_POINT('',(-0.0171396634123026,0.0847463787933213,0.009));
#2945=CARTESIAN_POINT('',(-0.0162850935193289,0.0856586344033467,0.009));
#2946=CARTESIAN_POINT('',(-0.0162850935193289,0.0856586344033467,0.009));
#2947=CARTESIAN_POINT('',(-0.0178117821832713,0.0836632092047012,0.009));
#2948=CARTESIAN_POINT('',(-0.0176293310612663,0.0834922952261064,0.009));
#2949=CARTESIAN_POINT('',(-0.0176293310612663,0.0834922952261064,0.009));
#2950=CARTESIAN_POINT('',(-0.0178117821832713,0.0836632092047012,0.009));
#2951=CARTESIAN_POINT('',(-0.0167747611682925,0.0844045508361317,0.009));
#2952=CARTESIAN_POINT('',(-0.015920191275319,0.0853168064461574,0.009));
#2953=CARTESIAN_POINT('',(-0.015920191275319,0.0853168064461574,0.009));
#2954=CARTESIAN_POINT('',(-0.0167747611682925,0.0844045508361317,0.009));
#2955=CARTESIAN_POINT('',(-0.016102642397324,0.0854877204247521,0.009));
#2956=CARTESIAN_POINT('',(-0.016102642397324,0.0854877204247521,0.009));
#2957=CARTESIAN_POINT('',(-0.169,0.0515,0.009));
#2958=CARTESIAN_POINT('',(-0.00977836719542179,0.0616752525264544,0.009));
#2959=CARTESIAN_POINT('',(-0.01,0.0615595853317326,0.009));
#2960=CARTESIAN_POINT('',(-0.01,0.0615595853317326,0.009));
#2961=CARTESIAN_POINT('',(-0.00977836719542179,0.0616752525264544,0.009));
#2962=CARTESIAN_POINT('',(-0.00955673439084359,0.0617909197211762,0.009));
#2963=CARTESIAN_POINT('',(-0.00955673439084359,0.0617909197211762,0.009));
#2964=CARTESIAN_POINT('',(-0.00942166402639116,0.0604514213088416,0.009));
#2965=CARTESIAN_POINT('',(-0.00884332805278239,0.0593432572859507,0.009));
#2966=CARTESIAN_POINT('',(-0.00884332805278239,0.0593432572859507,0.009));
#2967=CARTESIAN_POINT('',(-0.00942166402639116,0.0604514213088416,0.009));
#2968=CARTESIAN_POINT('',(-0.00862169524820419,0.0594589244806724,0.009));
#2969=CARTESIAN_POINT('',(-0.00840006244362599,0.0595745916753942,0.009));
#2970=CARTESIAN_POINT('',(-0.00840006244362599,0.0595745916753942,0.009));
#2971=CARTESIAN_POINT('',(-0.00862169524820419,0.0594589244806724,0.009));
#2972=CARTESIAN_POINT('',(-0.00897839841723479,0.0606827556982852,0.009));
#2973=CARTESIAN_POINT('',(-0.00897839841723479,0.0606827556982852,0.009));
#2974=CARTESIAN_POINT('',(-0.169,0.0515,0.009));
#2975=CARTESIAN_POINT('',(-0.0120289819040411,0.0480744155782815,0.009));
#2976=CARTESIAN_POINT('',(-0.0121446690166435,0.0482960379868456,0.009));
#2977=CARTESIAN_POINT('',(-0.0121446690166435,0.0482960379868456,0.009));
#2978=CARTESIAN_POINT('',(-0.0120289819040411,0.0480744155782815,0.009));
#2979=CARTESIAN_POINT('',(-0.0119132947914387,0.0478527931697175,0.009));
#2980=CARTESIAN_POINT('',(-0.0119132947914387,0.0478527931697175,0.009));
#2981=CARTESIAN_POINT('',(-0.0132527810594636,0.0477176024238335,0.009));
#2982=CARTESIAN_POINT('',(-0.0143608931022837,0.0471391668608214,0.009));
#2983=CARTESIAN_POINT('',(-0.0143608931022837,0.0471391668608214,0.009));
#2984=CARTESIAN_POINT('',(-0.0132527810594636,0.0477176024238335,0.009));
#2985=CARTESIAN_POINT('',(-0.0142452059896813,0.0469175444522574,0.009));
#2986=CARTESIAN_POINT('',(-0.0141295188770789,0.0466959220436934,0.009));
#2987=CARTESIAN_POINT('',(-0.0141295188770789,0.0466959220436934,0.009));
#2988=CARTESIAN_POINT('',(-0.0142452059896813,0.0469175444522574,0.009));
#2989=CARTESIAN_POINT('',(-0.0130214068342588,0.0472743576067055,0.009));
#2990=CARTESIAN_POINT('',(-0.0130214068342588,0.0472743576067055,0.009));
#2991=CARTESIAN_POINT('',(-0.169,0.0515,0.009));
#2992=CARTESIAN_POINT('',(-0.0081751316173156,0.0516271344528973,0.009));
#2993=CARTESIAN_POINT('',(-0.00840006244362589,0.0517362496368791,0.009));
#2994=CARTESIAN_POINT('',(-0.00840006244362589,0.0517362496368791,0.009));
#2995=CARTESIAN_POINT('',(-0.0081751316173156,0.0516271344528973,0.009));
#2996=CARTESIAN_POINT('',(-0.00795020079100525,0.0515180192689157,0.009));
#2997=CARTESIAN_POINT('',(-0.00795020079100525,0.0515180192689157,0.009));
#2998=CARTESIAN_POINT('',(-0.00894563836353417,0.0506115955053274,0.009));
#2999=CARTESIAN_POINT('',(-0.00949121428344246,0.0494869413737757,0.009));
#3000=CARTESIAN_POINT('',(-0.00949121428344246,0.0494869413737757,0.009));
#3001=CARTESIAN_POINT('',(-0.00894563836353417,0.0506115955053274,0.009));
#3002=CARTESIAN_POINT('',(-0.00926628345713213,0.049377826189794,0.009));
#3003=CARTESIAN_POINT('',(-0.00904135263082179,0.0492687110058123,0.009));
#3004=CARTESIAN_POINT('',(-0.00904135263082179,0.0492687110058123,0.009));
#3005=CARTESIAN_POINT('',(-0.00926628345713213,0.049377826189794,0.009));
#3006=CARTESIAN_POINT('',(-0.00849577671091352,0.050393365137364,0.009));
#3007=CARTESIAN_POINT('',(-0.00849577671091352,0.050393365137364,0.009));
#3008=CARTESIAN_POINT('',(-0.169,0.0515,0.009));
#3009=CARTESIAN_POINT('',(-0.00745789084137826,0.056951635415623,0.009));
#3010=CARTESIAN_POINT('',(-0.00770789084137812,0.0569516354156229,0.009));
#3011=CARTESIAN_POINT('',(-0.00770789084137812,0.0569516354156229,0.009));
#3012=CARTESIAN_POINT('',(-0.00745789084137826,0.056951635415623,0.009));
#3013=CARTESIAN_POINT('',(-0.00720789084137812,0.056951635415623,0.009));
#3014=CARTESIAN_POINT('',(-0.00720789084137812,0.056951635415623,0.009));
#3015=CARTESIAN_POINT('',(-0.00770789084137812,0.055701635415623,0.009));
#3016=CARTESIAN_POINT('',(-0.00770789084137812,0.054451635415623,0.009));
#3017=CARTESIAN_POINT('',(-0.00770789084137812,0.054451635415623,0.009));
#3018=CARTESIAN_POINT('',(-0.00770789084137812,0.055701635415623,0.009));
#3019=CARTESIAN_POINT('',(-0.00745789084137812,0.054451635415623,0.009));
#3020=CARTESIAN_POINT('',(-0.00720789084137812,0.054451635415623,0.009));
#3021=CARTESIAN_POINT('',(-0.00720789084137812,0.054451635415623,0.009));
#3022=CARTESIAN_POINT('',(-0.00745789084137812,0.054451635415623,0.009));
#3023=CARTESIAN_POINT('',(-0.00720789084137812,0.055701635415623,0.009));
#3024=CARTESIAN_POINT('',(-0.00720789084137812,0.055701635415623,0.009));
#3025=CARTESIAN_POINT('',(-0.169,0.0515,0.009));
#3026=CARTESIAN_POINT('',(-0.0126924938815317,0.0648170204482291,0.009));
#3027=CARTESIAN_POINT('',(-0.0136563015387833,0.0656129945683004,0.009));
#3028=CARTESIAN_POINT('',(-0.0136563015387833,0.0656129945683004,0.009));
#3029=CARTESIAN_POINT('',(-0.0126924938815317,0.0648170204482291,0.009));
#3030=CARTESIAN_POINT('',(-0.0117286862242802,0.0640210463281578,0.009));
#3031=CARTESIAN_POINT('',(-0.0117286862242802,0.0640210463281578,0.009));
#3032=CARTESIAN_POINT('',(-0.0138154963627976,0.0654202330368501,0.009));
#3033=CARTESIAN_POINT('',(-0.0139746911868118,0.0652274715053998,0.009));
#3034=CARTESIAN_POINT('',(-0.0139746911868118,0.0652274715053998,0.009));
#3035=CARTESIAN_POINT('',(-0.0138154963627976,0.0654202330368501,0.009));
#3036=CARTESIAN_POINT('',(-0.0130108835295603,0.0644314973853285,0.009));
#3037=CARTESIAN_POINT('',(-0.0120470758723087,0.0636355232652572,0.009));
#3038=CARTESIAN_POINT('',(-0.0120470758723087,0.0636355232652572,0.009));
#3039=CARTESIAN_POINT('',(-0.0130108835295603,0.0644314973853285,0.009));
#3040=CARTESIAN_POINT('',(-0.0118878810482944,0.0638282847967075,0.009));
#3041=CARTESIAN_POINT('',(-0.0118878810482944,0.0638282847967075,0.009));
#3042=CARTESIAN_POINT('',(-0.169,0.0515,0.009));
#3043=CARTESIAN_POINT('',(-0.017517147987464,0.0676757562231428,0.009));
#3044=CARTESIAN_POINT('',(-0.0186418021190157,0.0682213321430511,0.009));
#3045=CARTESIAN_POINT('',(-0.0186418021190157,0.0682213321430511,0.009));
#3046=CARTESIAN_POINT('',(-0.017517147987464,0.0676757562231428,0.009));
#3047=CARTESIAN_POINT('',(-0.0163924938559123,0.0671301803032345,0.009));
#3048=CARTESIAN_POINT('',(-0.0163924938559123,0.0671301803032345,0.009));
#3049=CARTESIAN_POINT('',(-0.0187509173029972,0.0679964013167409,0.009));
#3050=CARTESIAN_POINT('',(-0.0188600324869789,0.0677714704904304,0.009));
#3051=CARTESIAN_POINT('',(-0.0188600324869789,0.0677714704904304,0.009));
#3052=CARTESIAN_POINT('',(-0.0187509173029972,0.0679964013167409,0.009));
#3053=CARTESIAN_POINT('',(-0.0177353783554272,0.0672258945705221,0.009));
#3054=CARTESIAN_POINT('',(-0.0166107242238756,0.0666803186506139,0.009));
#3055=CARTESIAN_POINT('',(-0.0166107242238756,0.0666803186506139,0.009));
#3056=CARTESIAN_POINT('',(-0.0177353783554272,0.0672258945705221,0.009));
#3057=CARTESIAN_POINT('',(-0.0165016090398939,0.0669052494769242,0.009));
#3058=CARTESIAN_POINT('',(-0.0165016090398939,0.0669052494769242,0.009));
#3059=CARTESIAN_POINT('',(-0.169,0.0515,0.009));
#3060=CARTESIAN_POINT('',(-0.0135243094345527,0.0938887780940522,0.009));
#3061=CARTESIAN_POINT('',(-0.0135243094345527,0.0938887780940522,0.01));
#3062=CARTESIAN_POINT('',(-0.0132784869910073,0.0939131729613005,0.009));
#3063=CARTESIAN_POINT('',(-0.0132784869910073,0.0939131729613005,0.01));
#3064=CARTESIAN_POINT('',(-0.0127972367233261,0.0942412136519347,0.009));
#3065=CARTESIAN_POINT('',(-0.0127972367233261,0.0942412136519347,0.01));
#3066=CARTESIAN_POINT('',(-0.0123927318863124,0.0953741832662476,0.009));
#3067=CARTESIAN_POINT('',(-0.0123927318863124,0.0953741832662476,0.01));
#3068=CARTESIAN_POINT('',(-0.0124684768305466,0.0966940504831413,0.009));
#3069=CARTESIAN_POINT('',(-0.0124684768305466,0.0966940504831413,0.01));
#3070=CARTESIAN_POINT('',(-0.0129939081239881,0.0976720334609048,0.009));
#3071=CARTESIAN_POINT('',(-0.0129939081239881,0.0976720334609048,0.01));
#3072=CARTESIAN_POINT('',(-0.0137585606501856,0.0979162703686742,0.009));
#3073=CARTESIAN_POINT('',(-0.0137585606501856,0.0979162703686742,0.01));
#3074=CARTESIAN_POINT('',(-0.0144560857961812,0.0973289959234898,0.009));
#3075=CARTESIAN_POINT('',(-0.0144560857961812,0.0973289959234898,0.01));
#3076=CARTESIAN_POINT('',(-0.0148069173795785,0.0961451764985733,0.00899999999999999));
#3077=CARTESIAN_POINT('',(-0.0148069173795785,0.0961451764985733,0.01));
#3078=CARTESIAN_POINT('',(-0.0147162268170629,0.0952752815149288,0.009));
#3079=CARTESIAN_POINT('',(-0.0147162268170629,0.0952752815149288,0.01));
#3080=CARTESIAN_POINT('',(-0.014598578774798,0.0949065362661016,0.009));
#3081=CARTESIAN_POINT('',(-0.014598578774798,0.0949065362661016,0.01));
#3082=CARTESIAN_POINT('',(-0.013590969276356,0.0958407107599512,0.0095));
#3083=CARTESIAN_POINT('',(-0.0135243094345527,0.0938887780940522,0.0095));
#3084=CARTESIAN_POINT('',(-0.0124630938838551,0.0954852156353242,0.0095));
#3085=CARTESIAN_POINT('',(-0.0124630938838551,0.0954852156353242,0.0095));
#3086=CARTESIAN_POINT('',(-0.014598578774798,0.0949065362661016,0.009));
#3087=CARTESIAN_POINT('',(-0.014598578774798,0.0949065362661016,0.009));
#3088=CARTESIAN_POINT('',(-0.013590969276356,0.0958407107599512,0.009));
#3089=CARTESIAN_POINT('',(-0.0135243094345527,0.0938887780940522,0.009));
#3090=CARTESIAN_POINT('',(-0.0135243094345527,0.0938887780940522,0.009));
#3091=CARTESIAN_POINT('',(-0.014598578774798,0.0949065362661016,0.009));
#3092=CARTESIAN_POINT('',(-0.014598578774798,0.0949065362661016,0.01));
#3093=CARTESIAN_POINT('',(-0.0150033690889279,0.0950462447407977,0.009));
#3094=CARTESIAN_POINT('',(-0.0150033690889279,0.0950462447407977,0.01));
#3095=CARTESIAN_POINT('',(-0.0159630113313382,0.095147778873407,0.009));
#3096=CARTESIAN_POINT('',(-0.0159630113313382,0.095147778873407,0.01));
#3097=CARTESIAN_POINT('',(-0.0172452502564995,0.0947035210055445,0.009));
#3098=CARTESIAN_POINT('',(-0.0172452502564995,0.0947035210055445,0.01));
#3099=CARTESIAN_POINT('',(-0.0178226331623642,0.0938513936566683,0.009));
#3100=CARTESIAN_POINT('',(-0.0178226331623642,0.0938513936566683,0.01));
#3101=CARTESIAN_POINT('',(-0.0174496550624972,0.0929544578499271,0.009));
#3102=CARTESIAN_POINT('',(-0.0174496550624972,0.0929544578499271,0.01));
#3103=CARTESIAN_POINT('',(-0.0162850641709401,0.0923947073793198,0.009));
#3104=CARTESIAN_POINT('',(-0.0162850641709401,0.0923947073793198,0.01));
#3105=CARTESIAN_POINT('',(-0.014824882655831,0.0924104751066629,0.009));
#3106=CARTESIAN_POINT('',(-0.014824882655831,0.0924104751066629,0.01));
#3107=CARTESIAN_POINT('',(-0.0136910528992728,0.0929953351852506,0.009));
#3108=CARTESIAN_POINT('',(-0.0136910528992728,0.0929953351852506,0.01));
#3109=CARTESIAN_POINT('',(-0.0134745478803551,0.0935978460754574,0.009));
#3110=CARTESIAN_POINT('',(-0.0134745478803551,0.0935978460754574,0.01));
#3111=CARTESIAN_POINT('',(-0.0135243094345527,0.0938887780940522,0.009));
#3112=CARTESIAN_POINT('',(-0.0135243094345527,0.0938887780940522,0.01));
#3113=CARTESIAN_POINT('',(-0.0143733317632122,0.0926757756617887,0.0095));
#3114=CARTESIAN_POINT('',(-0.0143733317632122,0.0926757756617887,0.0095));
#3115=CARTESIAN_POINT('',(-0.0155910467931312,0.0937461270354504,0.0095));
#3116=CARTESIAN_POINT('',(-0.0155910467931312,0.0937461270354504,0.009));
#3117=CARTESIAN_POINT('',(-0.169,0.0515,0.009));
#3118=CARTESIAN_POINT('',(-0.0116128927488986,0.0902058576135936,0.009));
#3119=CARTESIAN_POINT('',(-0.0116128927488986,0.0902058576135936,0.0095));
#3120=CARTESIAN_POINT('',(-0.0139184055247445,0.0873484712515555,0.0095));
#3121=CARTESIAN_POINT('',(-0.0136772902501213,0.0871696907969488,0.0095));
#3122=CARTESIAN_POINT('',(-0.0136772902501213,0.0871696907969488,0.0095));
#3123=CARTESIAN_POINT('',(-0.00857672593225375,0.0881414601123708,0.0095));
#3124=CARTESIAN_POINT('',(-0.00857672593225375,0.0881414601123708,0.0095));
#3125=CARTESIAN_POINT('',(-0.00857672593225375,0.0881414601123708,0.009));
#3126=CARTESIAN_POINT('',(-0.00857672593225375,0.0881414601123708,0.009));
#3127=CARTESIAN_POINT('',(-0.0116128927488986,0.0902058576135936,0.009));
#3128=CARTESIAN_POINT('',(-0.0146490595655434,0.0922702551148163,0.009));
#3129=CARTESIAN_POINT('',(-0.0146490595655434,0.0922702551148163,0.009));
#3130=CARTESIAN_POINT('',(-0.0146490595655434,0.0922702551148163,0.0095));
#3131=CARTESIAN_POINT('',(-0.0146490595655434,0.0922702551148163,0.0095));
#3132=CARTESIAN_POINT('',(-0.0139184055247445,0.0873484712515555,0.0095));
#3133=CARTESIAN_POINT('',(-0.0116128927488986,0.0902058576135936,0.009));
#3134=CARTESIAN_POINT('',(-0.0116128927488986,0.0902058576135936,0.0095));
#3135=CARTESIAN_POINT('',(-0.0116128927488986,0.0902058576135936,0.009));
#3136=CARTESIAN_POINT('',(-0.169,0.0515,0.009));
#3137=CARTESIAN_POINT('',(-0.0141437230813121,0.086582374515898,0.0095));
#3138=CARTESIAN_POINT('',(-0.0141437230813121,0.086582374515898,0.0095));
#3139=CARTESIAN_POINT('',(-0.0146101559125029,0.0859950582348471,0.0095));
#3140=CARTESIAN_POINT('',(-0.0146101559125029,0.0859950582348471,0.0095));
#3141=CARTESIAN_POINT('',(-0.0143786495937324,0.0867689476483743,0.0095));
#3142=CARTESIAN_POINT('',(-0.0148450824249232,0.0861816313673235,0.0095));
#3143=CARTESIAN_POINT('',(-0.0148450824249232,0.0861816313673235,0.0095));
#3144=CARTESIAN_POINT('',(-0.0143786495937324,0.0867689476483743,0.0095));
#3145=CARTESIAN_POINT('',(-0.0147276191687131,0.0860883448010853,0.0095));
#3146=CARTESIAN_POINT('',(-0.0147276191687131,0.0860883448010853,0.0095));
#3147=CARTESIAN_POINT('',(-0.169,0.0515,0.0095));
#3148=CARTESIAN_POINT('',(-0.169,0.0515,0.0095));
#3149=CARTESIAN_POINT('',(-0.013243375743496,0.0943376334044465,0.0095));
#3150=CARTESIAN_POINT('',(-0.013243375743496,0.0943376334044465,0.0095));
#3151=CARTESIAN_POINT('',(-0.00717104211020636,0.090208838402001,0.0095));
#3152=CARTESIAN_POINT('',(-0.013243375743496,0.0943376334044465,0.0095));
#3153=CARTESIAN_POINT('',(-0.013243375743496,0.0943376334044465,0.0095));
#3154=CARTESIAN_POINT('',(-0.00717104211020636,0.090208838402001,0.0095));
#3155=CARTESIAN_POINT('',(-0.169,0.0515,0.0095));
#3156=MECHANICAL_DESIGN_GEOMETRIC_PRESENTATION_REPRESENTATION('',(#1939),
#3157);
#3157=(
GEOMETRIC_REPRESENTATION_CONTEXT(3)
GLOBAL_UNCERTAINTY_ASSIGNED_CONTEXT((#3158))
GLOBAL_UNIT_ASSIGNED_CONTEXT((#3161,#3160,#3159))
REPRESENTATION_CONTEXT('Case Top','TOP_LEVEL_ASSEMBLY_PART')
);
#3158=UNCERTAINTY_MEASURE_WITH_UNIT(LENGTH_MEASURE(2.E-5),#3161,
'DISTANCE_ACCURACY_VALUE','Maximum Tolerance applied to model');
#3159=(
NAMED_UNIT(*)
SI_UNIT($,.STERADIAN.)
SOLID_ANGLE_UNIT()
);
#3160=(
NAMED_UNIT(*)
PLANE_ANGLE_UNIT()
SI_UNIT($,.RADIAN.)
);
#3161=(
LENGTH_UNIT()
NAMED_UNIT(*)
SI_UNIT($,.METRE.)
);
#3162=PRODUCT_DEFINITION_SHAPE('','',#3163);
#3163=PRODUCT_DEFINITION('','',#3165,#3164);
#3164=PRODUCT_DEFINITION_CONTEXT('',#3171,'design');
#3165=PRODUCT_DEFINITION_FORMATION_WITH_SPECIFIED_SOURCE('','',#3167,
 .NOT_KNOWN.);
#3166=PRODUCT_RELATED_PRODUCT_CATEGORY('','',(#3167));
#3167=PRODUCT('Case Top','Case Top','Case Top',(#3169));
#3168=PRODUCT_CATEGORY('','');
#3169=PRODUCT_CONTEXT('',#3171,'mechanical');
#3170=APPLICATION_PROTOCOL_DEFINITION('international standard',
'ap242_managed_model_based_3d_engineering',2020,#3171);
#3171=APPLICATION_CONTEXT('managed model based 3d engineering');
ENDSEC;
END-ISO-10303-21;
